file,time_utc,category,current,pred30,roc15,forecast_slope,persistence,spread,future_min_30,future_last_30
SiSensingCGM-AA2412YN11-01.21.00.00.xls,2025-12-29 11:55:00+00:00,reversal_after_alert,104.0,49.860595703125,-2.107568359375,-2.107568359375,100.0,5.0,99.0,99.0
SiSensingCGM-AA2412YN11-01.21.00.00.xls,2025-12-29 12:35:00+00:00,near_miss_70_80,84.0,57.052734375,-1.1812825520833334,-1.1397623697916668,83.33333333333334,5.0,72.0,72.0
SiSensingCGM-AA2412YN11-01.21.00.00.xls,2025-12-30 12:30:00+00:00,near_miss_70_80,91.0,21.038818359375,-2.772965494791667,-2.772965494791667,66.66666666666666,5.0,75.0,75.0
SiSensingCGM-AA2412YN11-01.21.00.00.xls,2025-12-30 14:25:00+00:00,reversal_after_alert,75.0,66.23291015625,-0.30445963541666665,-0.30445963541666665,50.0,5.0,73.0,104.0
SiSensingCGM-AA2412YN11-01.21.00.00.xls,2025-12-31 09:15:00+00:00,near_miss_70_80,90.0,56.380859375,-1.3196614583333333,-1.3196614583333333,91.66666666666666,5.0,75.0,75.0
SiSensingCGM-AA2412YN11-01.21.00.00.xls,2025-12-31 13:00:00+00:00,reversal_after_alert,113.0,51.93212890625,-2.42294921875,-2.42294921875,66.66666666666666,5.0,86.0,100.0
SiSensingCGM-AA2412YN11-01.21.00.00.xls,2025-12-31 13:15:00+00:00,reversal_after_alert,86.0,30.068359375,-2.03623046875,-2.133642578125,91.66666666666666,5.0,88.0,122.0
SiSensingCGM-AA2412YN11-01.21.00.00.xls,2025-12-31 15:25:00+00:00,reversal_after_alert,93.0,50.2705078125,-1.6313151041666667,-1.6313151041666667,58.333333333333336,5.0,91.0,120.0
SiSensingCGM-AA2412YN11-01.21.00.00.xls,2025-12-31 17:10:00+00:00,reversal_after_alert,86.0,65.408203125,-0.8751302083333333,-0.8108072916666667,75.0,5.0,84.0,109.0
SiSensingCGM-AA2412YN11-01.21.00.00.xls,2026-01-01 07:50:00+00:00,persistent_but_no_hypo,109.0,48.45166015625,-2.2607096354166667,-2.2607096354166667,75.0,5.0,99.0,102.0
SiSensingCGM-AA2412YN11-01.21.00.00.xls,2026-01-01 12:25:00+00:00,persistent_but_no_hypo,99.0,39.0234375,-2.2453125,-2.2453125,91.66666666666666,10.239206249999999,82.0,82.0
SiSensingCGM-AA2412YN11-01.21.00.00.xls,2026-01-01 12:45:00+00:00,persistent_but_no_hypo,84.0,62.286376953125,-0.897412109375,-0.897412109375,100.0,5.0,82.0,86.0
SiSensingCGM-AA2412YN11-01.21.00.00.xls,2026-01-02 04:35:00+00:00,near_miss_70_80,72.0,83.22265625,0.3753255208333333,0.39137369791666665,0.0,5.0,72.0,73.0
SiSensingCGM-AA2412YN11-01.21.00.00.xls,2026-01-02 05:05:00+00:00,reversal_after_alert,73.0,73.5078125,0.018229166666666668,0.018229166666666668,0.0,5.0,73.0,86.0
SiSensingCGM-AA2412YN11-01.21.00.00.xls,2026-01-03 11:25:00+00:00,persistent_but_no_hypo,122.0,61.22216796875,-2.3920247395833334,-2.3920247395833334,75.0,5.0,84.0,84.0
SiSensingCGM-AA2412YN11-01.21.00.00.xls,2026-01-06 17:55:00+00:00,reversal_after_alert,99.0,69.03515625,-1.032421875,-1.1154296875,100.0,5.0,97.0,104.0
SiSensingCGM-AA2412YN11-01.21.00.00.xls,2026-01-07 16:45:00+00:00,flat_or_slow_recovery,122.0,63.9110107421875,-2.203955078125,-2.24610595703125,41.66666666666667,6.2721834594726555,81.0,81.0
SiSensingCGM-AA2412YN11-01.21.00.00.xls,2026-01-07 17:10:00+00:00,reversal_after_alert,90.0,58.23144531250001,-1.507666015625,-1.3999755859374998,91.66666666666666,7.4126380371093745,79.0,93.0
SiSensingCGM-AA2412YN11-01.21.00.00.xls,2026-01-08 23:50:00+00:00,near_miss_70_80,88.0,72.36572265625,-0.6945638020833333,-0.6945638020833333,66.66666666666666,6.010997070312507,72.0,72.0
SiSensingCGM-AA2412YN11-01.21.00.00.xls,2026-01-09 03:15:00+00:00,reversal_after_alert,82.0,68.730224609375,-0.47635091145833336,-0.47635091145833336,41.66666666666667,5.0,72.0,72.0
SiSensingCGM-AA2412YN11-01.21.00.00.xls,2026-01-09 13:45:00+00:00,near_miss_70_80,82.0,62.1005859375,-0.9016438802083333,-0.8658121744791667,50.0,5.0,75.0,79.0
SiSensingCGM-AA2412YN11-01.21.00.00.xls,2026-01-11 13:55:00+00:00,persistent_but_no_hypo,95.0,63.21655273437501,-1.2221516927083333,-1.2467447916666665,100.0,5.0,90.0,90.0
SiSensingCGM-AA2506PVHX-01.21.00.00.xls,2025-12-11 00:00:00+00:00,reversal_after_alert,95.0,27.79296875,-2.633072916666667,-2.633072916666667,75.0,8.160091406249979,95.0,106.0
SiSensingCGM-AA2506PVHX-01.21.00.00.xls,2025-12-11 01:25:00+00:00,reversal_after_alert,88.0,65.739013671875,-0.9683430989583334,-0.9683430989583334,58.333333333333336,9.204836962890639,88.0,156.0
SiSensingCGM-AA2506PVHX-01.21.00.00.xls,2025-12-12 00:15:00+00:00,reversal_after_alert,90.0,60.0244140625,-1.2555338541666667,-1.2555338541666667,83.33333333333334,7.5770898437499925,81.0,82.0
SiSensingCGM-AA2506PVHX-01.21.00.00.xls,2025-12-12 04:20:00+00:00,flat_or_slow_recovery,86.0,39.762939453125,-1.8854329427083334,-1.8854329427083334,58.333333333333336,5.0,81.0,84.0
SiSensingCGM-AA2506PVHX-01.21.00.00.xls,2025-12-12 05:20:00+00:00,reversal_after_alert,72.0,60.4853515625,-0.48001302083333336,-0.48001302083333336,91.66666666666666,5.0,73.0,147.0
SiSensingCGM-AA2506PVHX-01.21.00.00.xls,2025-12-12 11:20:00+00:00,reversal_after_alert,79.0,64.3623046875,-0.5960286458333334,-0.5828776041666667,100.0,5.0,81.0,113.0
SiSensingCGM-AA2506PVHX-01.21.00.00.xls,2025-12-14 02:00:00+00:00,near_miss_70_80,72.0,73.43994140625,0.06194661458333333,0.06194661458333333,66.66666666666666,5.0,73.0,77.0
SiSensingCGM-AA2506PVHX-01.21.00.00.xls,2025-12-15 13:00:00+00:00,reversal_after_alert,73.0,64.3125,-0.415625,-0.38593750000000004,66.66666666666666,5.0,75.0,135.0
SiSensingCGM-AA2506PVHX-01.21.00.00.xls,2025-12-16 01:45:00+00:00,reversal_after_alert,86.0,82.4140625,-0.489453125,-0.3544921875,16.666666666666664,5.255701171875,81.0,99.0
SiSensingCGM-AA2506LDCM-01.21.00.00.xls,2025-11-24 01:10:00+00:00,reversal_after_alert,120.0,48.88720703125,-2.61943359375,-2.61943359375,83.33333333333334,11.098506152343749,135.0,142.0
SiSensingCGM-AA2506LDCM-01.21.00.00.xls,2025-11-24 04:00:00+00:00,reversal_after_alert,162.0,38.591796875,-4.460807291666667,-4.460807291666667,33.33333333333333,29.521693359375,160.0,172.0
SiSensingCGM-AA2506LDCM-01.21.00.00.xls,2025-11-24 05:15:00+00:00,reversal_after_alert,108.0,62.29541015625,-1.6919596354166666,-1.6919596354166666,75.0,6.49289033203125,115.0,140.0
SiSensingCGM-AA2506LDCM-01.21.00.00.xls,2025-11-24 08:45:00+00:00,reversal_after_alert,88.0,33.494140625,-2.189192708333333,-2.1779947916666664,100.0,5.0,84.0,158.0
SiSensingCGM-AA2506LDCM-01.21.00.00.xls,2025-11-24 22:20:00+00:00,reversal_after_alert,124.0,63.90673828125,-2.29052734375,-2.29052734375,58.333333333333336,5.0,117.0,153.0
SiSensingCGM-AA2506LDCM-01.21.00.00.xls,2025-11-25 02:00:00+00:00,reversal_after_alert,82.0,81.51171875,-0.42265625,-0.42265625,66.66666666666666,7.245049218749999,77.0,93.0
SiSensingCGM-AA2506LDCM-01.21.00.00.xls,2025-11-25 02:35:00+00:00,reversal_after_alert,88.0,59.3359375,-1.1828125,-1.1828125,58.333333333333336,7.92264375,88.0,100.0
SiSensingCGM-AA2506LDCM-01.21.00.00.xls,2025-11-25 11:30:00+00:00,reversal_after_alert,88.0,22.316894531249986,-2.910302734375,-2.8925537109375004,25.0,10.953901977539061,79.0,86.0
SiSensingCGM-AA2506LDCM-01.21.00.00.xls,2025-11-25 12:05:00+00:00,persistent_but_no_hypo,75.0,60.27734375,-0.8003255208333333,-0.7288736979166667,91.66666666666666,5.0,104.0,104.0
SiSensingCGM-AA2506LDCM-01.21.00.00.xls,2025-11-25 14:40:00+00:00,reversal_after_alert,129.0,59.7080078125,-2.566910807291667,-2.5549886067708334,33.33333333333333,12.861808374023436,153.0,203.0
SiSensingCGM-AA2506LDCM-01.21.00.00.xls,2025-11-25 21:35:00+00:00,reversal_after_alert,97.0,68.744384765625,-1.024560546875,-1.024560546875,91.66666666666666,5.0,79.0,100.0
SiSensingCGM-AA2506LDCM-01.21.00.00.xls,2025-11-25 22:00:00+00:00,reversal_after_alert,79.0,74.0712890625,-0.952783203125,-0.6418701171875,75.0,6.551166357421875,91.0,91.0
SiSensingCGM-AA2506LDCM-01.21.00.00.xls,2025-11-25 23:50:00+00:00,reversal_after_alert,72.0,84.201171875,0.49440104166666665,0.49440104166666665,41.66666666666667,5.0,72.0,79.0
SiSensingCGM-AA2506LDCM-01.21.00.00.xls,2025-11-26 01:15:00+00:00,reversal_after_alert,86.0,99.8896484375,0.6568196614583334,0.4099039713541667,66.66666666666666,10.231363720703117,84.0,99.0
SiSensingCGM-AA2506LDCM-01.21.00.00.xls,2025-11-26 02:30:00+00:00,reversal_after_alert,86.0,72.7490234375,-0.7986490885416667,-0.6701741536458334,33.33333333333333,5.0,91.0,95.0
SiSensingCGM-AA2506LDCM-01.21.00.00.xls,2025-11-26 04:00:00+00:00,reversal_after_alert,88.0,47.262939453125,-1.852099609375,-1.852099609375,33.33333333333333,34.486014404296874,113.0,113.0
SiSensingCGM-AA2506LDCM-01.21.00.00.xls,2025-11-26 09:15:00+00:00,reversal_after_alert,176.0,62.126220703125,-3.8211100260416666,-3.8211100260416666,66.66666666666666,10.691177246093778,180.0,180.0
SiSensingCGM-AA2506LDCM-01.21.00.00.xls,2025-11-26 10:35:00+00:00,reversal_after_alert,113.0,50.845458984375,-2.215804036458333,-2.215804036458333,83.33333333333334,11.27502338867186,91.0,126.0
SiSensingCGM-AA2506LDCM-01.21.00.00.xls,2025-11-26 11:25:00+00:00,high_noise,90.0,58.221435546875,-1.2843587239583334,-1.2843587239583334,66.66666666666666,14.432546337890624,81.0,81.0
SiSensingCGM-AA2506LDCM-01.21.00.00.xls,2025-11-26 12:45:00+00:00,reversal_after_alert,82.0,75.4892578125,-0.3875651041666667,-0.3875651041666667,50.0,5.0,75.0,144.0
SiSensingCGM-AA2506LDCM-01.21.00.00.xls,2025-11-26 23:05:00+00:00,persistent_but_no_hypo,136.0,61.728515625,-2.8827799479166667,-2.8625813802083333,91.66666666666666,8.431684228515639,136.0,136.0
SiSensingCGM-AA2506LDCM-01.21.00.00.xls,2025-11-27 09:20:00+00:00,reversal_after_alert,106.0,54.6083984375,-2.191634114583333,-2.1600748697916665,91.66666666666666,5.0,90.0,99.0
SiSensingCGM-AA2506LDCM-01.21.00.00.xls,2025-11-28 00:15:00+00:00,reversal_after_alert,120.0,60.015625,-2.33828125,-2.285546875,50.0,6.778841015625,117.0,136.0
SiSensingCGM-AA2506LDCM-01.21.00.00.xls,2025-11-28 01:55:00+00:00,reversal_after_alert,100.0,49.513427734375,-1.873876953125,-1.873876953125,75.0,7.252650439453125,111.0,111.0
SiSensingCGM-AA2506LDCM-01.21.00.00.xls,2025-11-28 05:15:00+00:00,reversal_after_alert,88.0,93.087890625,-0.34658203125,-0.12182617187499999,58.333333333333336,5.0,95.0,154.0
SiSensingCGM-AA2506LDCM-01.21.00.00.xls,2025-11-28 10:30:00+00:00,reversal_after_alert,144.0,51.8671875,-3.566276041666667,-3.4686848958333334,50.0,7.832394335937486,124.0,140.0
SiSensingCGM-AA2506LDCM-01.21.00.00.xls,2025-12-01 07:20:00+00:00,reversal_after_alert,127.0,47.281005859375,-2.9745279947916665,-2.9745279947916665,100.0,8.517952050781236,108.0,108.0
SiSensingCGM-AA2506LDCM-01.21.00.00.xls,2025-12-01 15:00:00+00:00,persistent_but_no_hypo,111.0,61.629150390625,-1.8184407552083333,-1.8184407552083333,91.66666666666666,5.131306591796868,99.0,102.0
SiSensingCGM-AA2506LDCM-01.21.00.00.xls,2025-12-02 18:05:00+00:00,reversal_after_alert,122.0,53.387451171875,-2.6219889322916665,-2.6219889322916665,66.66666666666666,5.0,111.0,111.0
SiSensingCGM-AA2506LDCM-01.21.00.00.xls,2025-12-03 08:10:00+00:00,flat_or_slow_recovery,104.0,66.332275390625,-1.244482421875,-1.244482421875,66.66666666666666,7.083251806640624,88.0,88.0
SiSensingCGM-AA2506LDCM-01.21.00.00.xls,2025-12-04 14:05:00+00:00,reversal_after_alert,79.0,62.00244140625,-0.6255533854166667,-0.6255533854166667,91.66666666666666,5.0,73.0,82.0
SiSensingCGM-AA2506LDCM-01.21.00.00.xls,2025-12-04 16:45:00+00:00,reversal_after_alert,86.0,68.169921875,-0.6767252604166667,-0.6855305989583333,91.66666666666666,5.0,84.0,100.0
SiSensingCGM-AA2506LDCM-01.21.00.00.xls,2025-12-04 18:00:00+00:00,reversal_after_alert,90.0,53.8544921875,-1.3436848958333334,-1.3436848958333334,41.66666666666667,5.325680664062514,95.0,99.0
SiSensingCGM-AA2506LDCM-01.21.00.00.xls,2025-12-05 23:30:00+00:00,flat_or_slow_recovery,102.0,52.005859375,-1.7279947916666667,-1.7279947916666667,58.333333333333336,9.844425390624972,124.0,124.0
SiSensingCGM-AA2506LDCM-01.21.00.00.xls,2025-12-06 08:30:00+00:00,reversal_after_alert,79.0,55.6318359375,-0.9465494791666667,-0.9465494791666667,91.66666666666666,5.0,81.0,82.0
SiSensingCGM-AA2506LDCM-01.21.00.00.xls,2025-12-07 08:45:00+00:00,near_miss_70_80,91.0,64.74609375,-1.0987630208333334,-1.0202799479166667,83.33333333333334,5.629729492187493,73.0,73.0
SiSensingCGM-AA2506LDCM-01.21.00.00.xls,2025-12-07 09:35:00+00:00,reversal_after_alert,72.0,66.099609375,-0.16279296875,-0.179736328125,83.33333333333334,5.0,73.0,91.0
SiSensingCGM-AA2506LDCM-01.21.00.00.xls,2025-12-07 14:35:00+00:00,persistent_but_no_hypo,163.0,43.439697265625,-4.435498046875,-4.435498046875,91.66666666666666,14.299705957031248,106.0,106.0
SiSensingCGM-AA2412YL5Q-01.21.00.00.xls,2025-11-06 23:00:00+00:00,reversal_after_alert,115.0,61.04541015625,-1.7419596354166667,-1.7419596354166667,66.66666666666666,15.686506445312492,72.0,72.0
SiSensingCGM-AA2412YL5Q-01.21.00.00.xls,2025-11-07 10:55:00+00:00,reversal_after_alert,109.0,60.70654296875,-1.86181640625,-1.86181640625,50.0,5.0,72.0,82.0
SiSensingCGM-AA2412YL5Q-01.21.00.00.xls,2025-11-09 12:35:00+00:00,persistent_but_no_hypo,144.0,64.431640625,-3.0054361979166666,-3.0621907552083334,75.0,7.973559863281236,100.0,100.0
SiSensingCGM-AA2412YL5Q-01.21.00.00.xls,2025-11-09 13:35:00+00:00,reversal_after_alert,82.0,66.922607421875,-0.623291015625,-0.623291015625,100.0,5.0,77.0,88.0
SiSensingCGM-AA2412YL5Q-01.21.00.00.xls,2025-11-10 09:05:00+00:00,persistent_but_no_hypo,97.0,60.611083984375,-1.3626790364583334,-1.3626790364583334,100.0,5.0,88.0,88.0
SiSensingCGM-AA2412YL5Q-01.21.00.00.xls,2025-11-10 21:00:00+00:00,reversal_after_alert,88.0,63.844140625,-0.9298177083333333,-0.933515625,100.0,5.0,81.0,91.0
SiSensingCGM-AA2412YL5Q-01.21.00.00.xls,2025-11-10 23:10:00+00:00,near_miss_70_80,72.0,78.2578125,0.23489583333333333,0.23489583333333333,33.33333333333333,5.0,73.0,75.0
SiSensingCGM-AA2412YL5Q-01.21.00.00.xls,2025-11-10 23:50:00+00:00,near_miss_70_80,73.0,71.40771484375,-0.06741536458333333,-0.06741536458333333,16.666666666666664,5.0,72.0,75.0
SiSensingCGM-AA2412YL5Q-01.21.00.00.xls,2025-11-11 11:15:00+00:00,flat_or_slow_recovery,106.0,37.80126953125,-2.58662109375,-2.58662109375,50.0,5.0,93.0,93.0
SiSensingCGM-AA2412YL5Q-01.21.00.00.xls,2025-11-11 12:40:00+00:00,reversal_after_alert,75.0,77.40771484375,0.13258463541666668,0.13258463541666668,75.0,5.0,81.0,117.0
SiSensingCGM-AA2412YL5Q-01.21.00.00.xls,2025-11-13 10:20:00+00:00,near_miss_70_80,90.0,20.0,-3.3990885416666665,-3.3990885416666665,100.0,5.957426562500028,72.0,81.0
SiSensingCGM-AA2412YL5Q-01.21.00.00.xls,2025-11-13 12:40:00+00:00,reversal_after_alert,72.0,66.8876953125,-0.13214518229166666,-0.15127766927083333,75.0,5.0,73.0,91.0
SiSensingCGM-AA2412YL5Q-01.21.00.00.xls,2025-11-14 06:55:00+00:00,near_miss_70_80,84.0,63.0673828125,-0.9052734375,-0.9052734375,100.0,5.0,75.0,79.0
SiSensingCGM-AA2412YL5Q-01.21.00.00.xls,2025-11-14 11:25:00+00:00,near_miss_70_80,100.0,20.0,-3.7572591145833334,-3.7572591145833334,100.0,5.613561816406236,77.0,79.0
SiSensingCGM-AA2412YL5Q-01.21.00.00.xls,2025-11-17 12:40:00+00:00,reversal_after_alert,95.0,68.680419921875,-1.021728515625,-1.021728515625,100.0,5.0,81.0,86.0
SiSensingCGM-AA2412YL5Q-01.21.00.00.xls,2025-11-17 12:55:00+00:00,reversal_after_alert,84.0,63.896240234375,-0.7016764322916667,-0.8297688802083334,100.0,5.0,77.0,77.0
SiSensingCGM-AA2412YL5Q-01.21.00.00.xls,2025-11-17 15:15:00+00:00,flat_or_slow_recovery,81.0,74.557861328125,-0.37548828125,-0.4177490234375,50.0,6.193547021484375,82.0,86.0
SiSensingCGM-AA2412YL5Q-01.21.00.00.xls,2025-11-17 20:40:00+00:00,near_miss_70_80,84.0,66.51171875,-0.894140625,-0.8134765625,100.0,5.0,72.0,72.0
SiSensingCGM-AA2412YL5Q-01.21.00.00.xls,2025-11-18 13:05:00+00:00,flat_or_slow_recovery,151.0,54.54296875,-3.7344401041666666,-3.7248372395833336,58.333333333333336,9.074892285156263,108.0,108.0
SiSensingCGM-AA24120KEK-01.21.00.00.xls,2025-09-23 23:25:00+00:00,near_miss_70_80,73.0,58.517333984375,-0.648095703125,-0.648095703125,41.66666666666667,5.0,79.0,81.0
SiSensingCGM-AA24120KEK-01.21.00.00.xls,2025-09-24 11:15:00+00:00,reversal_after_alert,73.0,92.26953125,0.6271484375,0.66806640625,50.0,5.0,81.0,84.0
SiSensingCGM-AA24120KEK-01.21.00.00.xls,2025-09-25 03:45:00+00:00,reversal_after_alert,72.0,55.44873046875,-0.6967122395833333,-0.6967122395833333,91.66666666666666,5.0,73.0,81.0
SiSensingCGM-AA24120KEK-01.21.00.00.xls,2025-09-25 08:10:00+00:00,near_miss_70_80,97.0,59.68505859375,-1.50361328125,-1.50361328125,91.66666666666666,5.0,72.0,72.0
SiSensingCGM-AA24120KEK-01.21.00.00.xls,2025-09-25 12:20:00+00:00,reversal_after_alert,84.0,76.826171875,-0.5345377604166667,-0.4534993489583333,75.0,5.0,81.0,106.0
SiSensingCGM-AA24120KEK-01.21.00.00.xls,2025-09-25 20:05:00+00:00,reversal_after_alert,90.0,53.771240234375,-1.372314453125,-1.372314453125,75.0,6.135632958984375,95.0,108.0
SiSensingCGM-AA24120KEK-01.21.00.00.xls,2025-09-26 13:50:00+00:00,reversal_after_alert,86.0,65.041748046875,-0.8702962239583333,-0.8702962239583333,41.66666666666667,5.849682275390646,86.0,97.0
SiSensingCGM-AA24120KEK-01.21.00.00.xls,2025-09-26 18:30:00+00:00,reversal_after_alert,84.0,59.6416015625,-1.0083821614583333,-0.9934977213541667,100.0,5.0,77.0,77.0
SiSensingCGM-AA24120KEK-01.21.00.00.xls,2025-09-26 19:05:00+00:00,reversal_after_alert,77.0,58.622802734375,-0.6853352864583333,-0.6853352864583333,83.33333333333334,5.0,79.0,90.0
SiSensingCGM-AA24120KEK-01.21.00.00.xls,2025-09-27 02:50:00+00:00,reversal_after_alert,75.0,83.251953125,0.33450520833333336,0.33229166666666665,16.666666666666664,5.0,79.0,104.0
SiSensingCGM-AA24120KEK-01.21.00.00.xls,2025-09-27 18:55:00+00:00,reversal_after_alert,93.0,57.15869140625,-1.42880859375,-1.43486328125,100.0,5.0,91.0,120.0
SiSensingCGM-AA24120KEK-01.21.00.00.xls,2025-09-29 02:40:00+00:00,reversal_after_alert,73.0,69.759765625,-0.12600911458333333,-0.11700846354166666,41.66666666666667,5.0,75.0,104.0
SiSensingCGM-AA24120KEK-01.21.00.00.xls,2025-09-29 15:20:00+00:00,reversal_after_alert,84.0,81.7978515625,-0.3411946614583333,-0.27396647135416663,25.0,5.0,81.0,104.0
SiSensingCGM-AA24120KEK-01.21.00.00.xls,2025-10-01 11:00:00+00:00,persistent_but_no_hypo,140.0,63.977001953125,-2.7945149739583335,-2.80513671875,83.33333333333334,10.340121503906266,144.0,144.0
SiSensingCGM-AA24120KEK-01.21.00.00.xls,2025-10-02 11:05:00+00:00,reversal_after_alert,73.0,83.2529296875,0.370947265625,0.3730224609375,33.33333333333333,5.0,73.0,90.0
SiSensingCGM-AA24120KEK-01.21.00.00.xls,2025-10-03 09:50:00+00:00,reversal_after_alert,91.0,58.43603515625,-1.29716796875,-1.29716796875,100.0,5.0,79.0,88.0
SiSensingCGM-AA24120KEK-01.21.00.00.xls,2025-10-03 12:25:00+00:00,reversal_after_alert,72.0,81.5849609375,0.3440755208333333,0.3440755208333333,33.33333333333333,5.0,72.0,95.0
SiSensingCGM-AA24120KEK-01.21.00.00.xls,2025-10-03 18:00:00+00:00,reversal_after_alert,124.0,35.9951171875,-3.622412109375,-3.5779541015625,91.66666666666666,6.257252490234374,106.0,118.0
SiSensingCGM-AA24120KEK-01.21.00.00.xls,2025-10-06 10:20:00+00:00,reversal_after_alert,97.0,37.13525390625,-2.348990885416667,-2.348990885416667,33.33333333333333,7.442922265624985,91.0,104.0
SiSensingCGM-AA24120KEK-01.21.00.00.xls,2025-10-07 06:20:00+00:00,persistent_but_no_hypo,124.0,64.224853515625,-2.253466796875,-2.253466796875,100.0,6.429546826171874,86.0,86.0
SiSensingCGM-AA24120KEK-01.21.00.00.xls,2025-10-07 06:40:00+00:00,near_miss_70_80,93.0,54.661865234375,-1.5608561197916666,-1.5608561197916666,100.0,5.0,73.0,73.0
SiSensingCGM-AA2503W0TL-01.21.00.00.xls,2025-09-10 13:55:00+00:00,reversal_after_alert,75.0,55.748046875,-0.8295572916666667,-0.8295572916666667,66.66666666666666,5.0,73.0,90.0
SiSensingCGM-AA2503W0TL-01.21.00.00.xls,2025-09-11 01:10:00+00:00,reversal_after_alert,108.0,51.70703125,-1.8669270833333333,-1.8669270833333333,25.0,15.824052343750013,131.0,140.0
SiSensingCGM-AA2503W0TL-01.21.00.00.xls,2025-09-11 09:10:00+00:00,reversal_after_alert,91.0,56.017578125,-1.383984375,-1.383984375,100.0,5.0,88.0,104.0
SiSensingCGM-AA2503W0TL-01.21.00.00.xls,2025-09-11 10:40:00+00:00,reversal_after_alert,102.0,61.189453125,-1.5829427083333334,-1.5829427083333334,41.66666666666667,5.0,102.0,113.0
SiSensingCGM-AA2503W0TL-01.21.00.00.xls,2025-09-11 13:55:00+00:00,near_miss_70_80,75.0,76.027099609375,0.08302408854166667,0.08302408854166667,58.333333333333336,5.0,79.0,79.0
SiSensingCGM-AA2503W0TL-01.21.00.00.xls,2025-09-12 08:05:00+00:00,near_miss_70_80,106.0,41.323486328125,-2.552490234375,-2.552490234375,91.66666666666666,5.0,79.0,79.0
SiSensingCGM-AA2503W0TL-01.21.00.00.xls,2025-09-12 09:10:00+00:00,reversal_after_alert,72.0,66.431640625,-0.07210286458333333,-0.09552408854166666,75.0,5.797680273437493,77.0,81.0
SiSensingCGM-AA2503W0TL-01.21.00.00.xls,2025-09-13 03:05:00+00:00,reversal_after_alert,75.0,80.9931640625,0.25908203125,0.251611328125,8.333333333333332,5.0,77.0,86.0
SiSensingCGM-AA2503W0TL-01.21.00.00.xls,2025-09-14 06:05:00+00:00,persistent_but_no_hypo,109.0,48.177734375,-2.472265625,-2.423046875,91.66666666666666,5.0,84.0,84.0
SiSensingCGM-AA2503W0TL-01.21.00.00.xls,2025-09-14 11:55:00+00:00,persistent_but_no_hypo,99.0,65.26318359375,-1.2413248697916666,-1.2703694661458331,75.0,5.0,82.0,84.0
SiSensingCGM-AA2503W0TL-01.21.00.00.xls,2025-09-14 12:25:00+00:00,near_miss_70_80,84.0,66.1708984375,-0.5437174479166667,-0.6236165364583333,100.0,5.0,79.0,79.0
SiSensingCGM-AA2503W0TL-01.21.00.00.xls,2025-09-16 15:30:00+00:00,persistent_but_no_hypo,91.0,51.1494140625,-1.4972005208333334,-1.4972005208333334,91.66666666666666,5.0,81.0,81.0
SiSensingCGM-AA2503W0TL-01.21.00.00.xls,2025-09-16 20:20:00+00:00,persistent_but_no_hypo,108.0,68.2373046875,-1.640771484375,-1.5664306640625,100.0,5.0,90.0,90.0
SiSensingCGM-AA2503W0TL-01.21.00.00.xls,2025-09-16 21:35:00+00:00,near_miss_70_80,77.0,68.35546875,-0.32057291666666665,-0.32057291666666665,100.0,5.0,73.0,77.0
SiSensingCGM-AA2503W0TL-01.21.00.00.xls,2025-09-16 23:40:00+00:00,reversal_after_alert,73.0,82.76220703125,0.35556640625,0.35556640625,58.333333333333336,5.0,73.0,81.0
SiSensingCGM-AA2503W0TL-01.21.00.00.xls,2025-09-17 11:25:00+00:00,flat_or_slow_recovery,106.0,64.39208984375,-1.6537434895833334,-1.6669596354166667,50.0,5.0,93.0,93.0
SiSensingCGM-AA2503W0TL-01.21.00.00.xls,2025-09-18 07:40:00+00:00,persistent_but_no_hypo,120.0,61.54638671875,-2.252180989583333,-2.252180989583333,100.0,5.0,106.0,106.0
SiSensingCGM-AA2503W0TL-01.21.00.00.xls,2025-09-18 10:00:00+00:00,reversal_after_alert,72.0,54.95849609375,-0.45452473958333334,-0.48623046875,25.0,5.0,77.0,104.0
SiSensingCGM-AA2503W0TL-01.21.00.00.xls,2025-09-18 11:45:00+00:00,reversal_after_alert,86.0,65.404296875,-1.0176106770833333,-1.0020670572916668,50.0,5.0,77.0,82.0
SiSensingCGM-AA2503W0TL-01.21.00.00.xls,2025-09-19 09:20:00+00:00,reversal_after_alert,156.0,53.96044921875,-3.98603515625,-3.98603515625,66.66666666666666,5.0,142.0,151.0
SiSensingCGM-AA2503W0TL-01.21.00.00.xls,2025-09-19 10:25:00+00:00,flat_or_slow_recovery,108.0,51.80371093750001,-2.078841145833333,-2.078841145833333,66.66666666666666,8.311150585937513,82.0,82.0
SiSensingCGM-AA2503W0TL-01.21.00.00.xls,2025-09-20 16:15:00+00:00,near_miss_70_80,122.0,45.446044921875,-2.9019368489583335,-2.9019368489583335,100.0,5.174742138671847,77.0,77.0
SiSensingCGM-AA2503W0TL-01.21.00.00.xls,2025-09-20 16:30:00+00:00,near_miss_70_80,90.0,21.2939453125,-2.344124348958333,-2.5338297526041664,91.66666666666666,5.0,73.0,73.0
SiSensingCGM-AA25084V7M-01.21.00.00(1).xls,2026-09-03 07:05:00+00:00,near_miss_70_80,93.0,43.81494140625,-1.9297200520833333,-1.9297200520833333,100.0,5.0,77.0,77.0
SiSensingCGM-AA25084V7M-01.21.00.00(1).xls,2026-09-03 23:45:00+00:00,reversal_after_alert,86.0,72.81201171875,-0.4822591145833333,-0.57880859375,50.0,5.0,88.0,108.0
SiSensingCGM-AA25084V7M-01.21.00.00(1).xls,2026-09-04 03:25:00+00:00,near_miss_70_80,75.0,58.62158203125,-0.6392252604166667,-0.6392252604166667,41.66666666666667,5.0,72.0,75.0
SiSensingCGM-AA25084V7M-01.21.00.00(1).xls,2026-09-04 08:15:00+00:00,near_miss_70_80,77.0,60.77099609375,-0.6697591145833334,-0.6697591145833334,100.0,5.0,75.0,77.0
SiSensingCGM-AA25084V7M-01.21.00.00(1).xls,2026-09-06 02:25:00+00:00,reversal_after_alert,88.0,72.599609375,-0.6759114583333333,-0.6759114583333333,83.33333333333334,5.0,86.0,99.0
SiSensingCGM-AA25084V7M-01.21.00.00(1).xls,2026-09-06 08:10:00+00:00,reversal_after_alert,88.0,69.801513671875,-0.6891764322916667,-0.6891764322916667,100.0,5.0,84.0,99.0
SiSensingCGM-AA25084V7M-01.21.00.00(1).xls,2026-09-07 06:00:00+00:00,persistent_but_no_hypo,108.0,44.432373046875,-2.4255045572916667,-2.4255045572916667,91.66666666666666,6.497595849609374,99.0,100.0
SiSensingCGM-AA25084V7M-01.21.00.00(1).xls,2026-09-09 16:00:00+00:00,reversal_after_alert,72.0,69.884765625,-0.015592447916666667,-0.043050130208333336,50.0,5.0,73.0,91.0
SiSensingCGM-AA25084V7M-01.21.00.00(1).xls,2026-09-09 22:25:00+00:00,persistent_but_no_hypo,90.0,70.23779296875,-0.8222330729166667,-0.8222330729166667,83.33333333333334,5.0,86.0,86.0
SiSensingCGM-AA25084V7M-01.21.00.00(1).xls,2026-09-10 04:40:00+00:00,reversal_after_alert,72.0,72.0869140625,-0.05475260416666667,0.018033854166666665,16.666666666666664,5.0,73.0,93.0
SiSensingCGM-AA25084V7M-01.21.00.00(1).xls,2026-09-10 07:45:00+00:00,near_miss_70_80,84.0,68.1689453125,-0.804541015625,-0.7327880859375,83.33333333333334,5.0,75.0,75.0
SiSensingCGM-AA25084V7M-01.21.00.00(1).xls,2026-09-15 01:30:00+00:00,reversal_after_alert,84.0,70.4453125,-0.5942708333333333,-0.5942708333333333,50.0,5.0,84.0,88.0
SiSensingCGM-AA25084V7M-01.21.00.00(1).xls,2026-09-15 02:20:00+00:00,reversal_after_alert,73.0,58.633544921875,-0.6644368489583333,-0.6644368489583333,75.0,5.0,73.0,73.0
SiSensingCGM-AA25084V7M-01.21.00.00(1).xls,2026-09-15 02:55:00+00:00,near_miss_70_80,75.0,65.56005859375,-0.32861328125,-0.32861328125,66.66666666666666,5.0,73.0,79.0
SiSensingCGM-AA25084V7M-01.21.00.00(1).xls,2026-09-15 03:15:00+00:00,reversal_after_alert,73.0,68.201171875,-0.18662109375,-0.173291015625,66.66666666666666,5.0,75.0,90.0
SiSensingCGM-AA25084V7M-01.21.00.00(1).xls,2026-09-15 07:15:00+00:00,near_miss_70_80,84.0,66.401123046875,-0.6317545572916666,-0.6317545572916666,100.0,5.0,72.0,72.0
SiSensingCGM-AA25084V7M-01.21.00.00(1).xls,2026-09-15 07:40:00+00:00,reversal_after_alert,73.0,59.9541015625,-0.5195963541666667,-0.5195963541666667,91.66666666666666,5.0,72.0,84.0
SiSensingCGM-AA25084V7M-01.21.00.00(1).xls,2026-09-16 06:25:00+00:00,near_miss_70_80,97.0,61.0552978515625,-1.3308756510416666,-1.3503621419270833,100.0,5.0,79.0,79.0
SiSensingCGM-AA2506PHRB-01.21.00.00.xls,2026-04-09 03:55:00+00:00,persistent_but_no_hypo,104.0,63.990966796875,-1.472119140625,-1.472119140625,75.0,5.0,113.0,113.0
SiSensingCGM-AA2506PHRB-01.21.00.00.xls,2026-04-09 20:10:00+00:00,reversal_after_alert,95.0,52.633056640625,-1.7847493489583333,-1.7397135416666667,100.0,5.178482421874985,77.0,82.0
SiSensingCGM-AA2506PHRB-01.21.00.00.xls,2026-06-09 15:05:00+00:00,reversal_after_alert,86.0,66.720703125,-0.6479817708333333,-0.7079752604166667,83.33333333333334,5.0,88.0,104.0
SiSensingCGM-AA2506PHRB-01.21.00.00.xls,2026-07-09 07:30:00+00:00,reversal_after_alert,73.0,67.430859375,-0.269921875,-0.20015625,66.66666666666666,5.0,72.0,102.0
SiSensingCGM-AA2506PHRB-01.21.00.00.xls,2026-08-08 21:50:00+00:00,persistent_but_no_hypo,93.0,58.26171875,-1.4120442708333334,-1.3683268229166667,83.33333333333334,5.0,82.0,91.0
SiSensingCGM-AA2506PHRB-01.21.00.00.xls,2026-09-13 09:15:00+00:00,reversal_after_alert,73.0,57.0279541015625,-0.5543131510416667,-0.5624715169270833,100.0,5.0,77.0,90.0
SiSensingCGM-AA2506PHRB-01.21.00.00.xls,2026-09-14 10:30:00+00:00,reversal_after_alert,91.0,59.40527343750001,-1.2231282552083333,-1.2214762369791665,91.66666666666666,5.0,86.0,90.0
SiSensingCGM-AA2506PHRB-01.21.00.00.xls,2026-09-14 11:20:00+00:00,reversal_after_alert,77.0,69.7548828125,-0.34842122395833336,-0.3949625651041667,66.66666666666666,5.0,72.0,84.0
SiSensingCGM-AA2506PHRB-01.21.00.00.xls,2026-09-15 16:50:00+00:00,persistent_but_no_hypo,104.0,56.76611328125,-1.81865234375,-1.81865234375,100.0,5.0,91.0,95.0
SiSensingCGM-AA2506PHRB-01.21.00.00.xls,2026-09-15 19:40:00+00:00,reversal_after_alert,115.0,50.3515625,-2.6029947916666667,-2.5456380208333336,100.0,5.0,79.0,84.0
SiSensingCGM-AA2506PHRB-01.21.00.00.xls,2026-09-16 12:25:00+00:00,near_miss_70_80,79.0,63.037353515625,-0.6647298177083333,-0.6319498697916666,41.66666666666667,5.0,72.0,75.0
SiSensingCGM-AA2506PHRB-01.21.00.00.xls,2026-09-16 12:40:00+00:00,reversal_after_alert,72.0,62.11865234375,-0.44189453125,-0.44189453125,83.33333333333334,5.0,73.0,82.0
SiSensingCGM-AA2506PHRB-01.21.00.00.xls,2026-10-09 05:45:00+00:00,persistent_but_no_hypo,88.0,89.3505859375,-0.1361328125,-0.1361328125,75.0,5.0,84.0,84.0
SiSensingCGM-AA2506PHRB-01.21.00.00.xls,2026-10-09 08:05:00+00:00,reversal_after_alert,73.0,67.984375,-0.19505208333333332,-0.18111979166666664,50.0,5.0,72.0,91.0
SiSensingCGM-AA2506PHRB-01.21.00.00.xls,2026-10-09 15:40:00+00:00,near_miss_70_80,97.0,51.318115234375,-1.762939453125,-1.762939453125,100.0,5.0,72.0,72.0
SiSensingCGM-AA2506PHRB-01.21.00.00.xls,2026-12-09 08:25:00+00:00,reversal_after_alert,82.0,63.470703125,-0.793359375,-0.793359375,75.0,5.0,84.0,95.0
SiSensingCGM-AA250828J5-01.21.00.00.xls,2026-08-13 15:35:00+00:00,reversal_after_alert,106.0,33.677734375,-3.026953125,-3.026953125,100.0,5.0,95.0,100.0
SiSensingCGM-AA250828J5-01.21.00.00.xls,2026-08-13 18:50:00+00:00,reversal_after_alert,106.0,50.8525390625,-2.1899088541666667,-2.1899088541666667,66.66666666666666,5.0,82.0,82.0
SiSensingCGM-AA250828J5-01.21.00.00.xls,2026-08-13 19:20:00+00:00,reversal_after_alert,82.0,60.548095703125,-0.970068359375,-0.970068359375,83.33333333333334,7.5643004882812495,72.0,99.0
SiSensingCGM-AA250828J5-01.21.00.00.xls,2026-08-14 00:15:00+00:00,reversal_after_alert,72.0,50.50488281249999,-1.952587890625,-1.4845458984375002,83.33333333333334,14.596877490234375,88.0,106.0
SiSensingCGM-AA250828J5-01.21.00.00.xls,2026-08-14 08:15:00+00:00,reversal_after_alert,75.0,86.38427734375,0.24456380208333334,0.24456380208333334,50.0,17.622042675781255,84.0,126.0
SiSensingCGM-AA250828J5-01.21.00.00.xls,2026-08-14 12:15:00+00:00,reversal_after_alert,109.0,63.6259765625,-1.7701009114583333,-1.7579508463541667,100.0,5.0,106.0,129.0
SiSensingCGM-AA250828J5-01.21.00.00.xls,2026-08-14 13:40:00+00:00,reversal_after_alert,99.0,45.0078125,-2.1484375,-2.1484375,50.0,5.0,82.0,88.0
SiSensingCGM-AA250828J5-01.21.00.00.xls,2026-08-14 22:15:00+00:00,reversal_after_alert,108.0,63.883544921875,-1.6797688802083333,-1.7048177083333333,91.66666666666666,5.0,73.0,95.0
SiSensingCGM-AA250828J5-01.21.00.00.xls,2026-08-15 00:50:00+00:00,reversal_after_alert,86.0,47.94287109375,-1.7353841145833333,-1.7353841145833333,50.0,8.462209765625007,75.0,99.0
SiSensingCGM-AA250828J5-01.21.00.00.xls,2026-08-15 05:50:00+00:00,reversal_after_alert,102.0,58.592041015625,-1.6966959635416667,-1.6966959635416667,100.0,5.0,97.0,142.0
SiSensingCGM-AA250828J5-01.21.00.00.xls,2026-08-15 18:35:00+00:00,reversal_after_alert,73.0,46.3177490234375,-0.830322265625,-0.85347900390625,91.66666666666666,5.0,84.0,142.0
SiSensingCGM-AA250828J5-01.21.00.00.xls,2026-08-15 21:40:00+00:00,persistent_but_no_hypo,127.0,69.3955078125,-2.0012858072916666,-2.144051106770833,100.0,5.2772982910156525,91.0,95.0
SiSensingCGM-AA250828J5-01.21.00.00.xls,2026-08-15 22:00:00+00:00,reversal_after_alert,93.0,49.38525390625,-1.6989908854166667,-1.6989908854166667,91.66666666666666,5.0,91.0,106.0
SiSensingCGM-AA250828J5-01.21.00.00.xls,2026-08-16 04:20:00+00:00,reversal_after_alert,97.0,34.535888671875,-2.375634765625,-2.375634765625,83.33333333333334,9.437458447265625,91.0,144.0
SiSensingCGM-AA250828J5-01.21.00.00.xls,2026-08-16 19:45:00+00:00,reversal_after_alert,100.0,47.658203125,-2.0521809895833334,-2.048453776041667,75.0,5.0,106.0,109.0
SiSensingCGM-AA250828J5-01.21.00.00.xls,2026-08-18 05:15:00+00:00,flat_or_slow_recovery,90.0,62.921142578125,-1.007958984375,-1.007958984375,66.66666666666666,5.0,97.0,97.0
SiSensingCGM-AA250828J5-01.21.00.00.xls,2026-08-18 23:35:00+00:00,near_miss_70_80,86.0,62.0341796875,-0.9908203125,-0.9505859375000001,100.0,5.0,73.0,73.0
SiSensingCGM-AA250828J5-01.21.00.00.xls,2026-08-20 19:45:00+00:00,reversal_after_alert,126.0,47.14697265625,-3.138313802083333,-3.138313802083333,100.0,5.0,99.0,111.0
SiSensingCGM-AA250828J5-01.21.00.00.xls,2026-08-20 21:10:00+00:00,reversal_after_alert,86.0,59.5927734375,-1.2658365885416667,-1.1897054036458332,41.66666666666667,5.0,79.0,111.0
SiSensingCGM-AA250828J5-01.21.00.00.xls,2026-08-21 13:05:00+00:00,reversal_after_alert,109.0,60.3359375,-1.9161458333333334,-1.9161458333333334,75.0,5.0,102.0,108.0
SiSensingCGM-AA250828J5-01.21.00.00.xls,2026-08-21 13:55:00+00:00,near_miss_70_80,86.0,62.489990234375,-0.9618977864583333,-0.9618977864583333,75.0,5.0,75.0,75.0
SiSensingCGM-AA250828J5-01.21.00.00.xls,2026-08-21 22:00:00+00:00,persistent_but_no_hypo,135.0,67.5166015625,-2.6070963541666665,-2.6070963541666665,100.0,5.0,91.0,91.0
SiSensingCGM-AA250828J5-01.21.00.00.xls,2026-08-23 21:45:00+00:00,reversal_after_alert,142.0,68.375,-2.8354166666666667,-2.7614583333333336,91.66666666666666,9.181309375000014,142.0,154.0
SiSensingCGM-AA250828J5-01.21.00.00.xls,2026-08-24 21:45:00+00:00,persistent_but_no_hypo,115.0,20.0,-6.102734375,-6.102734375,83.33333333333334,12.541290234375,109.0,109.0
SiSensingCGM-AA250828J5-01.21.00.00.xls,2026-08-25 18:50:00+00:00,reversal_after_alert,72.0,21.234375000000007,-1.6575520833333333,-1.8248697916666665,83.33333333333334,5.746040234375006,72.0,111.0
SiSensingCGM-AA250828J5-01.21.00.00.xls,2026-08-26 01:05:00+00:00,near_miss_70_80,84.0,57.6826171875,-1.0901204427083333,-1.0836832682291666,75.0,5.0,79.0,82.0
SiSensingCGM-AA250828J5-01.21.00.00.xls,2026-08-26 04:50:00+00:00,reversal_after_alert,82.0,111.282470703125,0.876806640625,0.876806640625,16.666666666666664,6.843632373046875,86.0,111.0
SiSensingCGM-AA25083ZHA-01.21.00.00.xls,2026-07-13 00:00:00+00:00,reversal_after_alert,97.0,55.4814453125,-0.5368326822916667,-1.0270589192708335,91.66666666666666,11.259036694335936,117.0,118.0
SiSensingCGM-AA25083ZHA-01.21.00.00.xls,2026-07-13 04:05:00+00:00,reversal_after_alert,75.0,42.1806640625,-1.5576171875,-1.5576171875,41.66666666666667,27.0009837890625,82.0,127.0
SiSensingCGM-AA25083ZHA-01.21.00.00.xls,2026-07-13 07:35:00+00:00,near_miss_70_80,100.0,65.5517578125,-1.1750651041666667,-1.1750651041666667,50.0,12.230484765625013,77.0,77.0
SiSensingCGM-AA25083ZHA-01.21.00.00.xls,2026-07-13 22:25:00+00:00,reversal_after_alert,102.0,26.8486328125,-2.8823567708333333,-2.8823567708333333,58.333333333333336,7.151421484375014,99.0,133.0
SiSensingCGM-AA25083ZHA-01.21.00.00.xls,2026-07-14 20:35:00+00:00,high_noise,86.0,36.516357421875,-2.1712076822916666,-2.1712076822916666,16.666666666666664,24.35045019531249,81.0,82.0
SiSensingCGM-AA25083ZHA-01.21.00.00.xls,2026-07-15 00:15:00+00:00,reversal_after_alert,93.0,64.661376953125,-1.1557454427083333,-1.1557454427083333,50.0,5.0,86.0,117.0
SiSensingCGM-AA25083ZHA-01.21.00.00.xls,2026-07-15 04:55:00+00:00,reversal_after_alert,117.0,61.75146484375,-2.06533203125,-2.06533203125,66.66666666666666,10.832825390624999,115.0,171.0
SiSensingCGM-AA25083ZHA-01.21.00.00.xls,2026-07-16 00:20:00+00:00,high_noise,111.0,23.764892578125,-3.3058756510416667,-3.3058756510416667,66.66666666666666,12.819881005859402,104.0,104.0
SiSensingCGM-AA25083ZHA-01.21.00.00.xls,2026-07-16 01:40:00+00:00,flat_or_slow_recovery,106.0,57.078125,-1.9510416666666666,-1.9510416666666666,33.33333333333333,5.0,86.0,86.0
SiSensingCGM-AA25083ZHA-01.21.00.00.xls,2026-07-16 02:25:00+00:00,reversal_after_alert,84.0,91.33203125,0.15735677083333333,0.01754557291666666,91.66666666666666,6.190530664062507,82.0,117.0
SiSensingCGM-AA25083ZHA-01.21.00.00.xls,2026-07-16 07:05:00+00:00,reversal_after_alert,88.0,65.557861328125,-0.8722819010416667,-0.8722819010416667,66.66666666666666,5.0,81.0,111.0
SiSensingCGM-AA25083ZHA-01.21.00.00.xls,2026-07-16 13:30:00+00:00,reversal_after_alert,81.0,66.265380859375,-0.5443196614583333,-0.5443196614583333,100.0,5.0,79.0,84.0
SiSensingCGM-AA25083ZHA-01.21.00.00.xls,2026-07-16 19:00:00+00:00,reversal_after_alert,86.0,62.200439453125,-0.9979329427083333,-0.9979329427083333,83.33333333333334,5.0,88.0,124.0
SiSensingCGM-AA25083ZHA-01.21.00.00.xls,2026-07-18 22:45:00+00:00,reversal_after_alert,90.0,59.63574218750001,-1.2086100260416666,-1.1937093098958331,66.66666666666666,5.0,82.0,91.0
SiSensingCGM-AA25083ZHA-01.21.00.00.xls,2026-07-18 23:55:00+00:00,reversal_after_alert,79.0,60.197509765625,-0.9672688802083333,-0.9672688802083333,16.666666666666664,11.348743164062492,86.0,88.0
SiSensingCGM-AA25083ZHA-01.21.00.00.xls,2026-07-20 08:55:00+00:00,reversal_after_alert,77.0,68.80419921875,-0.28395182291666665,-0.28395182291666665,66.66666666666666,5.0,79.0,91.0
SiSensingCGM-AA25083ZHA-01.21.00.00.xls,2026-07-20 14:30:00+00:00,reversal_after_alert,88.0,69.876953125,-0.6881184895833333,-0.6961100260416666,100.0,5.0,79.0,79.0
SiSensingCGM-AA25083ZHA-01.21.00.00.xls,2026-07-20 15:40:00+00:00,reversal_after_alert,72.0,63.1904296875,-0.14259440104166668,-0.21812337239583335,66.66666666666666,5.0,86.0,124.0
SiSensingCGM-AA25083ZHA-01.21.00.00.xls,2026-07-21 07:00:00+00:00,flat_or_slow_recovery,79.0,67.86572265625,-0.39456380208333336,-0.39456380208333336,58.333333333333336,5.0,82.0,86.0
SiSensingCGM-AA25083ZHA-01.21.00.00.xls,2026-07-21 22:35:00+00:00,persistent_but_no_hypo,91.0,55.853515625,-1.4001302083333333,-1.4001302083333333,91.66666666666666,5.0,84.0,84.0
SiSensingCGM-AA25083ZHA-01.21.00.00.xls,2026-07-22 02:45:00+00:00,reversal_after_alert,81.0,67.72607421875,-0.5351888020833333,-0.5330729166666667,41.66666666666667,5.0,77.0,81.0
SiSensingCGM-AA25083ZHA-01.21.00.00.xls,2026-07-23 15:05:00+00:00,reversal_after_alert,79.0,62.19140625,-0.6700520833333333,-0.6700520833333333,91.66666666666666,5.0,79.0,106.0
SiSensingCGM-AA25083ZHA-01.21.00.00.xls,2026-07-24 02:55:00+00:00,reversal_after_alert,84.0,76.662841796875,-0.37107747395833335,-0.37107747395833335,75.0,8.037989257812507,73.0,77.0
SiSensingCGM-AA25083ZHA-01.21.00.00.xls,2026-07-24 07:05:00+00:00,near_miss_70_80,102.0,58.36181640625,-1.7203450520833334,-1.7203450520833334,91.66666666666666,5.0,79.0,79.0
SiSensingCGM-AA25083ZHA-01.21.00.00.xls,2026-07-26 06:55:00+00:00,near_miss_70_80,88.0,65.45654296875,-0.8363118489583333,-0.8635660807291667,100.0,5.0,77.0,77.0
SiSensingCGM-AA2506PXF6-01.21.00.00.xls,2026-04-19 22:20:00+00:00,reversal_after_alert,151.0,47.236328125,-4.001920572916666,-3.9303548177083334,91.66666666666666,11.344520263671903,144.0,160.0
SiSensingCGM-AA2506PXF6-01.21.00.00.xls,2026-04-20 16:15:00+00:00,reversal_after_alert,109.0,49.644531250000014,-2.324934895833333,-2.3017252604166663,100.0,5.0,108.0,167.0
SiSensingCGM-AA2506PXF6-01.21.00.00.xls,2026-04-20 23:40:00+00:00,reversal_after_alert,82.0,62.390625,-0.8236979166666667,-0.8220052083333333,58.333333333333336,5.0,81.0,95.0
SiSensingCGM-AA2506PXF6-01.21.00.00.xls,2026-04-21 00:55:00+00:00,reversal_after_alert,77.0,65.751953125,-0.44853515625,-0.445068359375,75.0,5.0,75.0,86.0
SiSensingCGM-AA2506PXF6-01.21.00.00.xls,2026-04-23 07:35:00+00:00,reversal_after_alert,72.0,68.232421875,-0.15091145833333333,-0.15065104166666665,83.33333333333334,5.0,72.0,79.0
SiSensingCGM-AA2506PXF6-01.21.00.00.xls,2026-04-24 07:15:00+00:00,near_miss_70_80,77.0,63.8203125,-0.5192708333333333,-0.5192708333333333,100.0,5.0,72.0,77.0
SiSensingCGM-AA2506PXF6-01.21.00.00.xls,2026-04-24 07:30:00+00:00,near_miss_70_80,72.0,61.408203125,-0.38968098958333336,-0.4047037760416667,100.0,5.0,73.0,75.0
SiSensingCGM-AA2506QTED-01.21.00.00.xls,2026-02-15 00:10:00+00:00,reversal_after_alert,91.0,51.39990234375,-1.5189778645833334,-1.5189778645833334,100.0,5.0,88.0,124.0
SiSensingCGM-AA2506QTED-01.21.00.00.xls,2026-02-15 10:15:00+00:00,persistent_but_no_hypo,90.0,68.53515625,-0.8236328125,-0.83623046875,100.0,5.0,81.0,84.0
SiSensingCGM-AA2506QTED-01.21.00.00.xls,2026-02-15 23:10:00+00:00,near_miss_70_80,79.0,62.228515625,-0.7077799479166667,-0.7000813802083333,100.0,5.0,72.0,73.0
SiSensingCGM-AA2506QTED-01.21.00.00.xls,2026-02-16 00:00:00+00:00,near_miss_70_80,72.0,69.98095703125,-0.06735026041666667,-0.06735026041666667,91.66666666666666,5.0,72.0,75.0
SiSensingCGM-AA2506QTED-01.21.00.00.xls,2026-02-16 03:10:00+00:00,reversal_after_alert,99.0,53.21582031250001,-1.769384765625,-1.7144287109374998,50.0,6.778660034179687,91.0,109.0
SiSensingCGM-AA2506QTED-01.21.00.00.xls,2026-02-18 04:30:00+00:00,near_miss_70_80,75.0,64.23095703125,-0.4173502604166667,-0.4173502604166667,100.0,5.0,72.0,75.0
SiSensingCGM-AA2506QTED-01.21.00.00.xls,2026-02-18 04:55:00+00:00,reversal_after_alert,72.0,69.98291015625,-0.08779296875,-0.08779296875,100.0,5.0,73.0,81.0
SiSensingCGM-AA2506QTED-01.21.00.00.xls,2026-02-18 10:00:00+00:00,near_miss_70_80,81.0,63.5751953125,-0.6203776041666667,-0.6203776041666667,100.0,5.0,73.0,73.0
SiSensingCGM-AA2506QTED-01.21.00.00.xls,2026-02-19 03:00:00+00:00,high_noise,88.0,92.88330078125,-0.04521484375,-0.04521484375,50.0,28.839755273437497,84.0,86.0
SiSensingCGM-AA2506QTED-01.21.00.00.xls,2026-02-19 19:25:00+00:00,reversal_after_alert,84.0,52.541015625,-1.40673828125,-1.377685546875,66.66666666666666,5.0,77.0,93.0
SiSensingCGM-AA2506QTED-01.21.00.00.xls,2026-02-21 23:25:00+00:00,reversal_after_alert,102.0,67.611328125,-1.3319010416666666,-1.3319010416666666,75.0,5.0,95.0,99.0
SiSensingCGM-AA2506QTED-01.21.00.00.xls,2026-02-22 00:35:00+00:00,near_miss_70_80,79.0,62.888671875,-0.634765625,-0.634765625,83.33333333333334,5.0,75.0,75.0
SiSensingCGM-AA2506QTED-01.21.00.00.xls,2026-02-23 04:35:00+00:00,reversal_after_alert,81.0,69.77041015625,-0.41474609375,-0.42775390625,100.0,5.0,81.0,91.0
SiSensingCGM-AA2506QTED-01.21.00.00.xls,2026-02-23 22:55:00+00:00,near_miss_70_80,81.0,61.373046875,-0.7712239583333333,-0.7712239583333333,100.0,5.0,73.0,77.0
SiSensingCGM-AA2506QTED-01.21.00.00.xls,2026-02-24 23:20:00+00:00,near_miss_70_80,81.0,69.2158203125,-0.43605143229166665,-0.4477620442708333,100.0,5.0,73.0,73.0
SiSensingCGM-AA2506QTED-01.21.00.00.xls,2026-02-24 23:55:00+00:00,reversal_after_alert,72.0,59.838134765625,-0.47247721354166666,-0.47247721354166666,91.66666666666666,5.0,72.0,77.0
SiSensingCGM-AA2506QTED-01.21.00.00.xls,2026-02-25 04:55:00+00:00,reversal_after_alert,82.0,69.31689453125,-0.4748046875,-0.475732421875,50.0,5.0,81.0,93.0
SiSensingCGM-AA2506QTED-01.21.00.00.xls,2026-02-26 17:40:00+00:00,reversal_after_alert,95.0,43.58447265625,-2.0508138020833333,-2.0508138020833333,100.0,5.0,88.0,91.0
SiSensingCGM-AA2412ZBGX-01.21.00.00.xls,2025-12-26 00:40:00+00:00,reversal_after_alert,82.0,72.67333984375,-0.5142903645833333,-0.5142903645833333,75.0,6.777634472656256,72.0,77.0
SiSensingCGM-AA2412ZBGX-01.21.00.00.xls,2025-12-26 02:35:00+00:00,reversal_after_alert,79.0,99.4013671875,0.6728515625,0.604296875,50.0,5.99410546875,79.0,109.0
SiSensingCGM-AA2412ZBGX-01.21.00.00.xls,2025-12-26 10:20:00+00:00,near_miss_70_80,93.0,51.27197265625,-1.6466471354166667,-1.6466471354166667,100.0,5.0,79.0,79.0
SiSensingCGM-AA2412ZBGX-01.21.00.00.xls,2025-12-26 11:15:00+00:00,reversal_after_alert,73.0,64.372802734375,-0.358447265625,-0.34174804687500004,100.0,5.0,75.0,91.0
SiSensingCGM-AA2412ZBGX-01.21.00.00.xls,2025-12-28 02:35:00+00:00,near_miss_70_80,86.0,67.47119140625,-0.66513671875,-0.66513671875,100.0,5.0,77.0,77.0
SiSensingCGM-AA2412ZBGX-01.21.00.00.xls,2025-12-29 04:20:00+00:00,reversal_after_alert,77.0,64.324951171875,-0.5011555989583333,-0.5011555989583333,83.33333333333334,5.0,73.0,82.0
SiSensingCGM-AA2412ZBGX-01.21.00.00.xls,2025-12-29 05:50:00+00:00,near_miss_70_80,73.0,71.4501953125,-0.06027018229166667,-0.05596516927083334,83.33333333333334,5.0,77.0,79.0
SiSensingCGM-AA2412ZBGX-01.21.00.00.xls,2025-12-30 14:20:00+00:00,near_miss_70_80,84.0,52.07592773437501,-1.2855143229166666,-1.2845296223958331,100.0,5.0,75.0,75.0
SiSensingCGM-AA2412ZBGX-01.21.00.00.xls,2025-12-31 04:35:00+00:00,near_miss_70_80,79.0,66.610595703125,-0.4242350260416667,-0.4242350260416667,83.33333333333334,5.0,75.0,75.0
SiSensingCGM-AA2412ZBGX-01.21.00.00.xls,2025-12-31 05:00:00+00:00,near_miss_70_80,75.0,68.30419921875,-0.2506184895833333,-0.2506184895833333,83.33333333333334,5.0,73.0,77.0
SiSensingCGM-AA2412ZBGX-01.21.00.00.xls,2026-01-01 15:15:00+00:00,reversal_after_alert,117.0,20.0,-3.9328125,-3.88046875,75.0,5.04431484375,102.0,104.0
SiSensingCGM-AA2412ZBGX-01.21.00.00.xls,2026-02-01 05:45:00+00:00,near_miss_70_80,77.0,60.453857421875,-0.6503743489583333,-0.6503743489583333,83.33333333333334,5.0,72.0,75.0
SiSensingCGM-AA2412ZBGX-01.21.00.00.xls,2026-03-01 09:10:00+00:00,reversal_after_alert,73.0,59.380859375,-0.5196614583333333,-0.5196614583333333,58.333333333333336,5.0,73.0,133.0
SiSensingCGM-AA2412ZBGX-01.21.00.00.xls,2026-03-01 12:55:00+00:00,persistent_but_no_hypo,88.0,58.763671875,-1.3098307291666667,-1.2490559895833333,100.0,5.0,81.0,81.0
SiSensingCGM-AA2412ZBGX-01.21.00.00.xls,2026-04-01 05:35:00+00:00,flat_or_slow_recovery,99.0,56.482177734375,-1.680126953125,-1.680126953125,33.33333333333333,5.0,82.0,88.0
SiSensingCGM-AA2412ZBGX-01.21.00.00.xls,2026-04-01 05:55:00+00:00,near_miss_70_80,82.0,56.93212890625,-0.9887044270833333,-1.0062174479166666,66.66666666666666,5.0,77.0,77.0
SiSensingCGM-AA2412ZBGX-01.21.00.00.xls,2026-04-01 06:30:00+00:00,near_miss_70_80,77.0,66.086181640625,-0.40203450520833334,-0.40203450520833334,91.66666666666666,5.0,75.0,81.0
SiSensingCGM-AA2412ZBGX-01.21.00.00.xls,2026-04-01 14:35:00+00:00,reversal_after_alert,75.0,65.4189453125,-0.3849609375,-0.3849609375,58.333333333333336,5.0,73.0,77.0
SiSensingCGM-AA2412ZBGX-01.21.00.00.xls,2026-05-01 01:00:00+00:00,near_miss_70_80,79.0,68.95947265625,-0.3758138020833333,-0.3758138020833333,100.0,5.0,75.0,75.0
SiSensingCGM-AA2412ZBGX-01.21.00.00.xls,2026-05-01 01:35:00+00:00,near_miss_70_80,73.0,69.44189453125,-0.15849609375,-0.15849609375,100.0,5.0,72.0,72.0
SiSensingCGM-AA2506PVHX-01.21.00.00(1).xls,2025-11-12 00:00:00+00:00,reversal_after_alert,95.0,27.79296875,-2.633072916666667,-2.633072916666667,75.0,8.160091406249979,95.0,106.0
SiSensingCGM-AA2506PVHX-01.21.00.00(1).xls,2025-11-12 01:25:00+00:00,reversal_after_alert,88.0,65.739013671875,-0.9683430989583334,-0.9683430989583334,58.333333333333336,9.204836962890639,88.0,156.0
SiSensingCGM-AA2506PVHX-01.21.00.00(1).xls,2025-12-12 00:15:00+00:00,reversal_after_alert,90.0,60.0244140625,-1.2555338541666667,-1.2555338541666667,83.33333333333334,7.5770898437499925,81.0,82.0
SiSensingCGM-AA2506PVHX-01.21.00.00(1).xls,2025-12-12 04:20:00+00:00,flat_or_slow_recovery,86.0,39.762939453125,-1.8854329427083334,-1.8854329427083334,58.333333333333336,5.0,81.0,84.0
SiSensingCGM-AA2506PVHX-01.21.00.00(1).xls,2025-12-12 05:20:00+00:00,reversal_after_alert,72.0,60.4853515625,-0.48001302083333336,-0.48001302083333336,91.66666666666666,5.0,73.0,147.0
SiSensingCGM-AA2506PVHX-01.21.00.00(1).xls,2025-12-12 11:20:00+00:00,reversal_after_alert,79.0,64.3623046875,-0.5960286458333334,-0.5828776041666667,100.0,5.0,81.0,113.0
SiSensingCGM-AA2506PVHX-01.21.00.00(1).xls,2025-12-14 02:00:00+00:00,near_miss_70_80,72.0,73.43994140625,0.06194661458333333,0.06194661458333333,66.66666666666666,5.0,73.0,77.0
SiSensingCGM-AA2506PVHX-01.21.00.00(1).xls,2025-12-15 13:00:00+00:00,reversal_after_alert,73.0,64.3125,-0.415625,-0.38593750000000004,66.66666666666666,5.0,75.0,135.0
SiSensingCGM-AA2506PVHX-01.21.00.00(1).xls,2025-12-16 01:45:00+00:00,reversal_after_alert,86.0,82.4140625,-0.489453125,-0.3544921875,16.666666666666664,5.255701171875,81.0,99.0
SiSensingCGM-AA2506PVHX-01.21.00.00(1).xls,2025-12-17 13:50:00+00:00,near_miss_70_80,104.0,67.5615234375,-1.3559407552083333,-1.4019449869791667,100.0,5.0,79.0,79.0
SiSensingCGM-AA2506PVHX-01.21.00.00(1).xls,2025-12-17 17:05:00+00:00,near_miss_70_80,115.0,63.65234375,-2.0357421875,-1.99033203125,50.0,5.0,77.0,77.0
SiSensingCGM-AA2506PVHX-01.21.00.00(1).xls,2025-12-17 17:25:00+00:00,near_miss_70_80,88.0,49.751220703125,-1.5439290364583333,-1.5090494791666667,75.0,5.0,73.0,73.0
SiSensingCGM-AA2506PVHX-01.21.00.00(1).xls,2025-12-18 04:55:00+00:00,reversal_after_alert,77.0,66.2412109375,-0.42950846354166666,-0.4274007161458333,91.66666666666666,5.0,75.0,84.0
SiSensingCGM-AA2506PVHX-01.21.00.00(1).xls,2025-12-18 16:15:00+00:00,persistent_but_no_hypo,91.0,59.961669921875,-1.2321451822916667,-1.2321451822916667,100.0,5.0,81.0,82.0
SiSensingCGM-AA2506PVHX-01.21.00.00(1).xls,2025-12-18 17:15:00+00:00,reversal_after_alert,73.0,63.12255859375,-0.293701171875,-0.3216552734375,91.66666666666666,5.0,86.0,142.0
SiSensingCGM-AA2506PVHX-01.21.00.00(1).xls,2025-12-18 19:35:00+00:00,reversal_after_alert,118.0,47.322265625,-2.773046875,-2.773046875,75.0,5.0,118.0,133.0
SiSensingCGM-AA2506PVHX-01.21.00.00(1).xls,2025-12-19 12:45:00+00:00,near_miss_70_80,75.0,59.43603515625,-0.6842122395833333,-0.6533854166666666,91.66666666666666,5.0,73.0,75.0
SiSensingCGM-AA2506PVHX-01.21.00.00(1).xls,2025-12-19 14:40:00+00:00,reversal_after_alert,111.0,46.86962890625,-2.368782552083333,-2.368782552083333,50.0,5.698985058593777,115.0,131.0
SiSensingCGM-AA2506PVHX-01.21.00.00(1).xls,2025-12-20 01:55:00+00:00,near_miss_70_80,81.0,67.613037109375,-0.5060872395833333,-0.5157145182291667,91.66666666666666,5.0,73.0,73.0
SiSensingCGM-AA2506PVHX-01.21.00.00(1).xls,2025-12-20 02:10:00+00:00,near_miss_70_80,77.0,69.876953125,-0.28811848958333336,-0.2961100260416667,91.66666666666666,5.0,73.0,73.0
SiSensingCGM-AA2506PVHX-01.21.00.00(1).xls,2025-12-20 02:55:00+00:00,near_miss_70_80,72.0,71.2080078125,-0.04381510416666667,-0.04381510416666667,91.66666666666666,5.0,72.0,72.0
SiSensingCGM-AA2506PVHX-01.21.00.00(1).xls,2025-12-20 06:15:00+00:00,reversal_after_alert,90.0,67.302001953125,-0.9276204427083333,-0.9276204427083333,33.33333333333333,5.0,86.0,91.0
SiSensingCGM-AA2506PVHX-01.21.00.00(1).xls,2025-12-20 13:05:00+00:00,reversal_after_alert,99.0,60.14111328125,-1.4769856770833334,-1.4769856770833334,58.333333333333336,5.0,88.0,102.0
SiSensingCGM-AA2506PVHX-01.21.00.00(1).xls,2025-12-20 17:30:00+00:00,persistent_but_no_hypo,145.0,60.089111328125,-3.2326985677083333,-3.2326985677083333,75.0,8.140183447265624,115.0,117.0
SiSensingCGM-AA2506PVHX-01.21.00.00(1).xls,2025-12-23 09:20:00+00:00,near_miss_70_80,86.0,63.73828125,-0.92734375,-0.92734375,100.0,5.0,73.0,73.0
SiSensingCGM-AA2506PVHX-01.21.00.00(1).xls,2025-12-23 23:50:00+00:00,near_miss_70_80,88.0,68.0546875,-0.758984375,-0.7619140625,100.0,5.0,75.0,79.0
SiSensingCGM-AA2506PVHX-01.21.00.00(1).xls,2025-12-24 02:20:00+00:00,reversal_after_alert,75.0,62.45458984375,-0.5580403645833333,-0.5580403645833333,50.0,5.0,72.0,81.0
SiSensingCGM-AA2506PVHX-01.21.00.00(1).xls,2025-12-24 03:15:00+00:00,near_miss_70_80,73.0,63.13037109375,-0.36455078125,-0.36455078125,75.0,5.0,73.0,75.0
SiSensingCGM-AA2506PVHX-01.21.00.00(1).xls,2025-12-24 04:15:00+00:00,near_miss_70_80,73.0,69.28515625,-0.14446614583333334,-0.13414713541666667,50.0,5.0,72.0,72.0
SiSensingCGM-AA2503XYQG-01.21.00.00.xls,2025-02-10 23:30:00+00:00,reversal_after_alert,97.0,56.963134765625,-1.5141438802083333,-1.5141438802083333,100.0,5.0,95.0,109.0
SiSensingCGM-AA2503XYQG-01.21.00.00.xls,2025-02-11 12:30:00+00:00,reversal_after_alert,88.0,59.120849609375,-1.2315592447916666,-1.2315592447916666,91.66666666666666,5.0,75.0,88.0
SiSensingCGM-AA2503XYQG-01.21.00.00.xls,2025-10-20 22:20:00+00:00,reversal_after_alert,153.0,20.0,-5.826904296875,-5.826904296875,75.0,25.603083105468748,156.0,239.0
SiSensingCGM-AA2503XYQG-01.21.00.00.xls,2025-10-21 03:05:00+00:00,reversal_after_alert,88.0,47.196044921875,-1.9519368489583333,-1.9519368489583333,75.0,14.46970786132811,91.0,142.0
SiSensingCGM-AA2503XYQG-01.21.00.00.xls,2025-10-22 03:05:00+00:00,reversal_after_alert,73.0,20.0,-3.75888671875,-3.687060546875,75.0,12.314339501953125,75.0,160.0
SiSensingCGM-AA2503XYQG-01.21.00.00.xls,2025-10-22 13:30:00+00:00,reversal_after_alert,86.0,68.2880859375,-0.877685546875,-0.8007080078125,100.0,5.0,75.0,88.0
SiSensingCGM-AA2503XYQG-01.21.00.00.xls,2025-10-23 18:55:00+00:00,reversal_after_alert,138.0,54.814453125,-3.1183268229166665,-3.1955891927083333,75.0,7.576486572265611,111.0,113.0
SiSensingCGM-AA2503XYQG-01.21.00.00.xls,2025-10-24 10:10:00+00:00,reversal_after_alert,90.0,56.05419921875,-1.3006184895833333,-1.3006184895833333,75.0,5.0,72.0,84.0
SiSensingCGM-AA2503XYQG-01.21.00.00.xls,2025-10-24 10:30:00+00:00,reversal_after_alert,72.0,45.2958984375,-0.9478841145833333,-1.0006998697916667,91.66666666666666,5.0,77.0,124.0
SiSensingCGM-AA2503XYQG-01.21.00.00.xls,2025-10-25 04:05:00+00:00,reversal_after_alert,90.0,66.534912109375,-0.9654134114583334,-0.9654134114583334,58.333333333333336,6.443180761718756,104.0,108.0
SiSensingCGM-AA2503XYQG-01.21.00.00.xls,2025-10-26 12:05:00+00:00,near_miss_70_80,82.0,68.805908203125,-0.466064453125,-0.4826171875,100.0,5.0,75.0,75.0
SiSensingCGM-AA2503XYQG-01.21.00.00.xls,2025-10-26 12:35:00+00:00,reversal_after_alert,75.0,67.16796875,-0.29140625,-0.29140625,100.0,5.0,79.0,99.0
SiSensingCGM-AA2503XYQG-01.21.00.00.xls,2025-10-28 05:20:00+00:00,reversal_after_alert,84.0,62.3173828125,-0.893212890625,-0.8579833984375,91.66666666666666,5.0,93.0,100.0
SiSensingCGM-AA2503XYQG-01.21.00.00.xls,2025-10-31 14:40:00+00:00,persistent_but_no_hypo,93.0,66.302490234375,-1.1109537760416666,-1.0359375,91.66666666666666,5.0,82.0,82.0
SiSensingCGM-AA2503VZS6-01.21.00.00.xls,2025-10-14 04:05:00+00:00,reversal_after_alert,73.0,102.662109375,1.0257486979166666,0.9239095052083333,50.0,16.45350581054687,84.0,91.0
SiSensingCGM-AA2503VZS6-01.21.00.00.xls,2025-10-14 06:05:00+00:00,reversal_after_alert,90.0,71.60546875,-0.8705729166666667,-0.8705729166666667,41.66666666666667,7.849285937499992,86.0,97.0
SiSensingCGM-AA2503VZS6-01.21.00.00.xls,2025-10-15 19:35:00+00:00,persistent_but_no_hypo,111.0,59.44140625,-2.110611979166667,-2.0312825520833333,91.66666666666666,5.0,86.0,86.0
SiSensingCGM-AA2503VZS6-01.21.00.00.xls,2025-10-15 21:00:00+00:00,reversal_after_alert,82.0,67.79296875,-0.5636067708333333,-0.5519205729166667,41.66666666666667,5.0,88.0,138.0
SiSensingCGM-AA2503VZS6-01.21.00.00.xls,2025-10-16 03:45:00+00:00,reversal_after_alert,84.0,68.8779296875,-0.47353515625,-0.528369140625,91.66666666666666,5.0,84.0,95.0
SiSensingCGM-AA2503VZS6-01.21.00.00.xls,2025-10-16 13:15:00+00:00,near_miss_70_80,104.0,55.20361328125,-1.8644856770833333,-1.8644856770833333,83.33333333333334,6.886464648437514,72.0,72.0
SiSensingCGM-AA2503VZS6-01.21.00.00.xls,2025-10-16 18:20:00+00:00,persistent_but_no_hypo,95.0,64.7646484375,-1.2270182291666667,-1.2050130208333334,100.0,5.0,93.0,97.0
SiSensingCGM-AA2412YT55-01.21.00.00.xls,2025-08-10 09:50:00+00:00,reversal_after_alert,111.0,59.60449218749999,-2.0603515625,-2.0603515625,100.0,5.0,84.0,95.0
SiSensingCGM-AA2412YT55-01.21.00.00.xls,2025-10-12 22:35:00+00:00,near_miss_70_80,88.0,56.703857421875,-1.267041015625,-1.267041015625,100.0,5.0,77.0,77.0
SiSensingCGM-AA2412YT55-01.21.00.00.xls,2025-10-13 04:20:00+00:00,near_miss_70_80,81.0,63.6376953125,-0.652978515625,-0.6491943359375,100.0,5.0,79.0,82.0
SiSensingCGM-AA2412YT55-01.21.00.00.xls,2025-11-10 05:00:00+00:00,reversal_after_alert,77.0,67.44775390625,-0.4064127604166667,-0.3760091145833333,66.66666666666666,5.0,75.0,124.0
SiSensingCGM-AA2410CEES-01.21.00.00.xls,2025-04-09 13:50:00+00:00,persistent_but_no_hypo,109.0,58.23828125,-1.9606770833333333,-1.9606770833333333,83.33333333333334,5.0,95.0,95.0
SiSensingCGM-AA2410CEES-01.21.00.00.xls,2025-05-08 22:25:00+00:00,persistent_but_no_hypo,88.0,62.65478515625,-1.05341796875,-1.05341796875,75.0,5.0,84.0,84.0
SiSensingCGM-AA2410CEES-01.21.00.00.xls,2025-05-09 00:40:00+00:00,reversal_after_alert,88.0,67.376953125,-1.0787760416666667,-1.0787760416666667,16.666666666666664,9.479566796874993,77.0,122.0
SiSensingCGM-AA2410CEES-01.21.00.00.xls,2025-05-09 04:10:00+00:00,flat_or_slow_recovery,154.0,61.04541015625,-3.5419596354166667,-3.5419596354166667,41.66666666666667,11.046866113281263,140.0,140.0
SiSensingCGM-AA2410CEES-01.21.00.00.xls,2025-05-09 15:10:00+00:00,reversal_after_alert,72.0,66.470703125,-0.12669270833333332,-0.12669270833333332,91.66666666666666,5.0,81.0,108.0
SiSensingCGM-AA2410CEES-01.21.00.00.xls,2025-09-12 22:10:00+00:00,reversal_after_alert,97.0,66.61083984375,-1.1267903645833333,-1.1267903645833333,66.66666666666666,5.0,91.0,95.0
SiSensingCGM-AA2410CEES-01.21.00.00.xls,2025-09-13 00:35:00+00:00,reversal_after_alert,82.0,63.892578125,-0.2620442708333333,-0.4556315104166666,41.66666666666667,5.0,93.0,124.0
SiSensingCGM-AA2410CEES-01.21.00.00.xls,2025-09-13 12:30:00+00:00,near_miss_70_80,86.0,68.34375,-0.8588541666666667,-0.8403645833333333,91.66666666666666,5.644690625000007,77.0,77.0
SiSensingCGM-AA2410CEES-01.21.00.00.xls,2025-09-13 13:00:00+00:00,reversal_after_alert,77.0,68.785888671875,-0.325634765625,-0.325634765625,100.0,5.0,73.0,82.0
SiSensingCGM-AA2410CEES-01.21.00.00.xls,2025-09-13 23:15:00+00:00,persistent_but_no_hypo,99.0,62.26806640625,-1.51943359375,-1.45673828125,83.33333333333334,5.0,86.0,90.0
SiSensingCGM-AA2410CEES-01.21.00.00.xls,2025-09-14 01:15:00+00:00,reversal_after_alert,75.0,83.2958984375,0.33587239583333334,0.3338541666666667,58.333333333333336,5.0,77.0,88.0
SiSensingCGM-AA2410CEES-01.21.00.00.xls,2025-09-14 11:30:00+00:00,near_miss_70_80,93.0,69.173095703125,-0.9658040364583333,-0.9965494791666667,83.33333333333334,5.0,73.0,73.0
SiSensingCGM-AA2410CEES-01.21.00.00.xls,2025-09-14 22:05:00+00:00,reversal_after_alert,91.0,43.4580078125,-1.7938151041666666,-1.7938151041666666,66.66666666666666,5.0,93.0,100.0
SiSensingCGM-AA2410CEES-01.21.00.00.xls,2025-09-17 19:15:00+00:00,reversal_after_alert,97.0,67.654296875,-1.19677734375,-1.154150390625,66.66666666666666,5.0,90.0,91.0
SiSensingCGM-AA2410CEES-01.21.00.00.xls,2025-09-17 19:50:00+00:00,reversal_after_alert,88.0,86.216552734375,-0.16658528645833334,-0.16658528645833334,83.33333333333334,5.0,91.0,93.0
SiSensingCGM-AA2410CEES-01.21.00.00.xls,2025-09-17 21:45:00+00:00,near_miss_70_80,72.0,60.4501953125,-0.32693684895833336,-0.38929850260416665,100.0,5.0,72.0,73.0
SiSensingCGM-AA2410CEES-01.21.00.00.xls,2025-10-08 22:25:00+00:00,persistent_but_no_hypo,88.0,49.887451171875,-1.455322265625,-1.455322265625,83.33333333333334,5.0,86.0,88.0
SiSensingCGM-AA2410CEES-01.21.00.00.xls,2025-10-09 03:15:00+00:00,near_miss_70_80,79.0,65.1669921875,-0.5768391927083333,-0.5356363932291667,66.66666666666666,5.0,72.0,72.0
SiSensingCGM-AA2410CEES-01.21.00.00.xls,2025-10-09 03:45:00+00:00,reversal_after_alert,72.0,64.89306640625,-0.28076171875,-0.28076171875,100.0,5.0,72.0,93.0
SiSensingCGM-AA2410CEES-01.21.00.00.xls,2025-10-09 13:30:00+00:00,reversal_after_alert,77.0,60.31640625,-0.6450520833333333,-0.6450520833333333,100.0,5.0,75.0,90.0
SiSensingCGM-AA2410CEES-01.21.00.00.xls,2025-10-09 20:10:00+00:00,persistent_but_no_hypo,124.0,57.515625,-2.4755208333333334,-2.5596354166666666,91.66666666666666,5.0,122.0,126.0
SiSensingCGM-AA2410CEES-01.21.00.00.xls,2025-11-08 21:35:00+00:00,reversal_after_alert,88.0,67.580810546875,-0.8458170572916667,-0.8458170572916667,100.0,5.0,81.0,93.0
SiSensingCGM-AA2410CEES-01.21.00.00.xls,2025-11-09 15:45:00+00:00,persistent_but_no_hypo,100.0,52.9326171875,-1.936328125,-1.92626953125,91.66666666666666,5.0,99.0,104.0
SiSensingCGM-AA2407H5FJ-01.21.00.00.xls,2025-01-09 07:55:00+00:00,persistent_but_no_hypo,97.0,65.607421875,-1.1486002604166667,-1.1808430989583334,75.0,5.0,99.0,99.0
SiSensingCGM-AA2407H5FJ-01.21.00.00.xls,2025-02-09 12:15:00+00:00,near_miss_70_80,82.0,64.57080078125,-0.70771484375,-0.70771484375,75.0,5.0,75.0,77.0
SiSensingCGM-AA2407H5FJ-01.21.00.00.xls,2025-08-21 00:35:00+00:00,reversal_after_alert,81.0,46.669921875,-1.478515625,-1.478515625,66.66666666666666,10.960236328125,73.0,90.0
SiSensingCGM-AA2407H5FJ-01.21.00.00.xls,2025-08-21 18:45:00+00:00,near_miss_70_80,82.0,61.39892578125,-0.9087565104166667,-0.9087565104166667,91.66666666666666,5.124187988281257,72.0,72.0
SiSensingCGM-AA2407H5FJ-01.21.00.00.xls,2025-08-22 00:35:00+00:00,reversal_after_alert,82.0,66.9287109375,-0.597216796875,-0.5831298828125,75.0,5.0,79.0,91.0
SiSensingCGM-AA2407H5FJ-01.21.00.00.xls,2025-08-22 23:40:00+00:00,near_miss_70_80,77.0,69.2353515625,-0.33001302083333334,-0.33001302083333334,91.66666666666666,5.0,73.0,73.0
SiSensingCGM-AA2407H5FJ-01.21.00.00.xls,2025-08-25 14:45:00+00:00,reversal_after_alert,79.0,65.95703125,-0.48359375,-0.48359375,100.0,5.0,81.0,122.0
SiSensingCGM-AA2407H5FJ-01.21.00.00.xls,2025-08-25 19:50:00+00:00,reversal_after_alert,117.0,43.4580078125,-2.860481770833333,-2.860481770833333,50.0,5.206956835937472,113.0,115.0
SiSensingCGM-AA2407H5FJ-01.21.00.00.xls,2025-08-25 21:40:00+00:00,reversal_after_alert,75.0,58.751953125,-0.6656901041666666,-0.6605794270833334,91.66666666666666,5.0,75.0,91.0
SiSensingCGM-AA2407H5FJ-01.21.00.00.xls,2025-08-26 22:10:00+00:00,persistent_but_no_hypo,90.0,67.42138671875,-0.8771809895833333,-0.8771809895833333,91.66666666666666,5.0,81.0,81.0
SiSensingCGM-AA2407H5FJ-01.21.00.00.xls,2025-08-28 17:55:00+00:00,near_miss_70_80,86.0,49.985107421875,-1.4774576822916667,-1.4774576822916667,75.0,7.173018603515625,73.0,73.0
SiSensingCGM-AA2407H5FJ-01.21.00.00.xls,2025-08-28 20:05:00+00:00,reversal_after_alert,72.0,59.6533203125,-0.241259765625,-0.3097412109375,83.33333333333334,6.455065209960937,86.0,122.0
SiSensingCGM-AA2407H5FJ-01.21.00.00.xls,2025-08-29 23:35:00+00:00,near_miss_70_80,86.0,57.81640625,-1.1450520833333333,-1.1450520833333333,75.0,5.0,77.0,77.0
SiSensingCGM-AA2407H5FJ-01.21.00.00.xls,2025-08-31 00:10:00+00:00,near_miss_70_80,79.0,69.294677734375,-0.38429361979166665,-0.38429361979166665,100.0,5.0,75.0,75.0
SiSensingCGM-AA2407H5FJ-01.21.00.00.xls,2025-08-31 00:40:00+00:00,near_miss_70_80,75.0,67.541015625,-0.29007161458333336,-0.26935221354166666,83.33333333333334,5.0,72.0,72.0
SiSensingCGM-AA2407H5FJ-01.21.00.00.xls,2025-08-31 01:30:00+00:00,near_miss_70_80,72.0,69.03125,-0.06458333333333334,-0.075,50.0,5.0,72.0,72.0
SiSensingCGM-AA24120N4Y-01.21.00.00.xls,2025-05-08 16:45:00+00:00,reversal_after_alert,122.0,66.5283203125,-2.0900065104166665,-2.122151692708333,100.0,5.0248895019531385,124.0,151.0
SiSensingCGM-AA24120N4Y-01.21.00.00.xls,2025-06-07 21:40:00+00:00,reversal_after_alert,104.0,68.8076171875,-1.3197265625,-1.3197265625,83.33333333333334,5.6277990234374995,106.0,122.0
SiSensingCGM-AA24120N4Y-01.21.00.00.xls,2025-06-08 03:05:00+00:00,reversal_after_alert,86.0,60.775390625,-1.3476236979166667,-1.1942220052083332,75.0,10.33536772460936,77.0,104.0
SiSensingCGM-AA24120N4Y-01.21.00.00.xls,2025-07-08 03:40:00+00:00,near_miss_70_80,77.0,61.6240234375,-0.5981119791666667,-0.5981119791666667,83.33333333333334,5.0,75.0,75.0
SiSensingCGM-AA24120N4Y-01.21.00.00.xls,2025-07-08 05:10:00+00:00,reversal_after_alert,72.0,66.5546875,-0.133984375,-0.12441406249999999,41.66666666666667,5.0,77.0,109.0
SiSensingCGM-AA24120N4Y-01.21.00.00.xls,2025-08-08 06:40:00+00:00,near_miss_70_80,97.0,62.093994140625,-1.424755859375,-1.389111328125,100.0,5.0,72.0,72.0
SiSensingCGM-AA24120N4Y-01.21.00.00.xls,2025-08-08 18:05:00+00:00,reversal_after_alert,100.0,67.54931640625,-1.2828450520833334,-1.2828450520833334,100.0,5.0,90.0,100.0
SiSensingCGM-AA24120N4Y-01.21.00.00.xls,2025-08-13 08:40:00+00:00,near_miss_70_80,90.0,64.702392578125,-1.051708984375,-1.051708984375,100.0,5.0,73.0,73.0
SiSensingCGM-AA24120N4Y-01.21.00.00.xls,2025-08-13 19:15:00+00:00,reversal_after_alert,81.0,66.65673828125,-0.58076171875,-0.57197265625,100.0,5.0,82.0,131.0
SiSensingCGM-AA24120N4Y-01.21.00.00.xls,2025-08-14 19:20:00+00:00,near_miss_70_80,84.0,57.95312500000001,-1.1184895833333333,-1.1100260416666665,50.0,5.0,73.0,73.0
SiSensingCGM-AA24120N4Y-01.21.00.00.xls,2025-08-15 22:15:00+00:00,persistent_but_no_hypo,84.0,64.758056640625,-0.7676595052083334,-0.7676595052083334,100.0,5.0,82.0,82.0
SiSensingCGM-AA24120N4Y-01.21.00.00.xls,2025-08-16 21:20:00+00:00,persistent_but_no_hypo,124.0,65.71142578125001,-2.263037109375,-2.2712646484374996,100.0,5.0,108.0,109.0
SiSensingCGM-AA24120N4Y-01.21.00.00.xls,2025-08-18 09:10:00+00:00,near_miss_70_80,88.0,66.6552734375,-0.8189615885416667,-0.8318929036458333,100.0,5.0,72.0,72.0
SiSensingCGM-AA24120N4Y-01.21.00.00.xls,2025-08-19 07:15:00+00:00,near_miss_70_80,75.0,63.04736328125,-0.4290690104166667,-0.4290690104166667,100.0,5.0,73.0,75.0
SiSensingCGM-AA24120N4Y-01.21.00.00.xls,2025-08-19 11:55:00+00:00,persistent_but_no_hypo,88.0,61.9013671875,-1.0951497395833334,-1.0719889322916667,91.66666666666666,5.0,81.0,81.0
SiSensingCGM-AA24120N4Y-01.21.00.00.xls,2025-09-08 01:30:00+00:00,near_miss_70_80,77.0,65.0390625,-0.47552083333333334,-0.47552083333333334,100.0,5.0,72.0,72.0
SiSensingCGM-AA24120N4Y-01.21.00.00.xls,2025-09-08 01:50:00+00:00,reversal_after_alert,72.0,63.1337890625,-0.3336588541666667,-0.3336588541666667,100.0,5.0,72.0,77.0
SiSensingCGM-AA24120N4Y-01.21.00.00.xls,2025-10-08 07:55:00+00:00,near_miss_70_80,93.0,58.8154296875,-1.3348307291666666,-1.3348307291666666,100.0,5.0,75.0,75.0
SiSensingCGM-AA24120N4Y-01.21.00.00.xls,2025-11-08 11:05:00+00:00,reversal_after_alert,77.0,67.00439453125,-0.37932942708333334,-0.37932942708333334,100.0,5.0,79.0,90.0
SiSensingCGM-AA24120N4Y-01.21.00.00.xls,2025-12-08 10:30:00+00:00,reversal_after_alert,81.0,68.34423828125,-0.46969401041666664,-0.46969401041666664,100.0,5.0,75.0,84.0
SiSensingCGM-AA2410BWU1-01.21.00.00(1).xls,2025-01-08 05:35:00+00:00,near_miss_70_80,73.0,65.989501953125,-0.3292154947916667,-0.3048177083333333,75.0,5.0,73.0,75.0
SiSensingCGM-AA2410BWU1-01.21.00.00(1).xls,2025-07-19 19:15:00+00:00,flat_or_slow_recovery,136.0,50.5048828125,-3.4455078125,-3.40546875,66.66666666666666,5.0,120.0,126.0
SiSensingCGM-AA2410BWU1-01.21.00.00(1).xls,2025-07-20 01:25:00+00:00,near_miss_70_80,81.0,67.68505859375,-0.50361328125,-0.50361328125,83.33333333333334,5.0,72.0,72.0
SiSensingCGM-AA2410BWU1-01.21.00.00(1).xls,2025-07-20 21:25:00+00:00,near_miss_70_80,104.0,68.1484375,-1.3924479166666666,-1.4040364583333331,91.66666666666666,5.0,79.0,79.0
SiSensingCGM-AA2410BWU1-01.21.00.00(1).xls,2025-07-20 21:40:00+00:00,reversal_after_alert,90.0,67.577880859375,-0.948486328125,-0.948486328125,100.0,5.0,79.0,88.0
SiSensingCGM-AA2410BWU1-01.21.00.00(1).xls,2025-07-21 00:05:00+00:00,reversal_after_alert,90.0,35.243164062500014,-2.2405436197916666,-2.166219075520833,33.33333333333333,5.199053979492208,90.0,135.0
SiSensingCGM-AA2410BWU1-01.21.00.00(1).xls,2025-07-23 07:55:00+00:00,reversal_after_alert,88.0,64.369384765625,-0.8865559895833334,-0.9033935546875,100.0,5.0,79.0,106.0
SiSensingCGM-AA2410BWU1-01.21.00.00(1).xls,2025-07-23 18:15:00+00:00,near_miss_70_80,115.0,66.24462890625,-1.8937825520833333,-1.8937825520833333,100.0,5.0,77.0,77.0
SiSensingCGM-AA2410BWU1-01.21.00.00(1).xls,2025-07-23 18:35:00+00:00,near_miss_70_80,86.0,49.221435546875,-1.4843587239583333,-1.4843587239583333,100.0,5.0,72.0,72.0
SiSensingCGM-AA2410BWU1-01.21.00.00(1).xls,2025-07-26 12:55:00+00:00,persistent_but_no_hypo,111.0,68.290771484375,-1.6100748697916667,-1.6100748697916667,100.0,5.0,90.0,90.0
SiSensingCGM-AA2410BWU1-01.21.00.00(1).xls,2025-07-26 14:05:00+00:00,reversal_after_alert,72.0,55.46923828125,-0.4796549479166667,-0.5186197916666667,83.33333333333334,5.0,75.0,124.0
SiSensingCGM-AA2410BWU1-01.21.00.00(1).xls,2025-07-26 19:50:00+00:00,persistent_but_no_hypo,118.0,56.9990234375,-2.444482421875,-2.4555908203125,100.0,5.0,88.0,88.0
SiSensingCGM-AA2410BWU1-01.21.00.00(1).xls,2025-07-27 06:30:00+00:00,near_miss_70_80,99.0,61.6455078125,-1.5961588541666667,-1.4686848958333334,100.0,5.0,79.0,79.0
SiSensingCGM-AA2410BWU1-01.21.00.00(1).xls,2025-07-27 06:50:00+00:00,reversal_after_alert,79.0,57.07275390625,-0.9614908854166667,-0.9614908854166667,100.0,5.0,79.0,86.0
SiSensingCGM-AA2410BWU1-01.21.00.00(1).xls,2025-07-27 19:25:00+00:00,persistent_but_no_hypo,109.0,62.665283203125,-1.8632975260416667,-1.8632975260416667,100.0,5.0,100.0,102.0
SiSensingCGM-AA2410BWU1-01.21.00.00(1).xls,2025-07-28 12:30:00+00:00,near_miss_70_80,104.0,53.17431640625,-1.9578450520833333,-1.9578450520833333,100.0,5.0,77.0,77.0
SiSensingCGM-AA2410BWU1-01.21.00.00(1).xls,2025-07-28 12:45:00+00:00,reversal_after_alert,86.0,56.65869140625,-1.22763671875,-1.22763671875,91.66666666666666,5.0,77.0,95.0
SiSensingCGM-AA2410BWU1-01.21.00.00(1).xls,2025-07-28 14:20:00+00:00,reversal_after_alert,86.0,63.572509765625,-0.8922688802083333,-0.8922688802083333,41.66666666666667,5.0,77.0,95.0
SiSensingCGM-AA2410BWU1-01.21.00.00(1).xls,2025-07-29 04:15:00+00:00,reversal_after_alert,79.0,61.7607421875,-0.6291015625,-0.6291015625,91.66666666666666,5.0,79.0,86.0
SiSensingCGM-AA2410BWU1-01.21.00.00(1).xls,2025-07-29 11:25:00+00:00,persistent_but_no_hypo,113.0,67.3232421875,-1.4596516927083334,-1.6411051432291668,83.33333333333334,5.3209751464843675,102.0,104.0
SiSensingCGM-AA2410BWU1-01.21.00.00(1).xls,2025-07-29 16:15:00+00:00,reversal_after_alert,86.0,69.4453125,-0.57734375,-0.612109375,100.0,5.0,77.0,118.0
SiSensingCGM-AA2410BWU1-01.21.00.00(1).xls,2025-07-29 20:00:00+00:00,reversal_after_alert,93.0,58.685302734375,-1.339501953125,-1.339501953125,100.0,5.0,95.0,108.0
SiSensingCGM-AA2410BWU1-01.21.00.00(1).xls,2025-07-31 04:35:00+00:00,near_miss_70_80,75.0,65.8486328125,-0.3490234375,-0.3490234375,100.0,5.0,72.0,73.0
SiSensingCGM-AA2410BWU1-01.21.00.00.xls,2025-01-08 05:35:00+00:00,near_miss_70_80,73.0,65.989501953125,-0.3292154947916667,-0.3048177083333333,75.0,5.0,73.0,75.0
SiSensingCGM-AA2410BWU1-01.21.00.00.xls,2025-07-19 19:15:00+00:00,flat_or_slow_recovery,136.0,50.5048828125,-3.4455078125,-3.40546875,66.66666666666666,5.0,120.0,126.0
SiSensingCGM-AA2410BWU1-01.21.00.00.xls,2025-07-20 01:25:00+00:00,near_miss_70_80,81.0,67.68505859375,-0.50361328125,-0.50361328125,83.33333333333334,5.0,72.0,72.0
SiSensingCGM-AA2410BWU1-01.21.00.00.xls,2025-07-20 21:25:00+00:00,near_miss_70_80,104.0,68.1484375,-1.3924479166666666,-1.4040364583333331,91.66666666666666,5.0,79.0,79.0
SiSensingCGM-AA2410BWU1-01.21.00.00.xls,2025-07-20 21:40:00+00:00,reversal_after_alert,90.0,67.577880859375,-0.948486328125,-0.948486328125,100.0,5.0,79.0,88.0
SiSensingCGM-AA2410BWU1-01.21.00.00.xls,2025-07-21 00:05:00+00:00,reversal_after_alert,90.0,35.243164062500014,-2.2405436197916666,-2.166219075520833,33.33333333333333,5.199053979492208,90.0,135.0
SiSensingCGM-AA2410BWU1-01.21.00.00.xls,2025-07-23 07:55:00+00:00,reversal_after_alert,88.0,64.369384765625,-0.8865559895833334,-0.9033935546875,100.0,5.0,79.0,106.0
SiSensingCGM-AA2410BWU1-01.21.00.00.xls,2025-07-23 18:15:00+00:00,near_miss_70_80,115.0,66.24462890625,-1.8937825520833333,-1.8937825520833333,100.0,5.0,77.0,77.0
SiSensingCGM-AA2410BWU1-01.21.00.00.xls,2025-07-23 18:35:00+00:00,near_miss_70_80,86.0,49.221435546875,-1.4843587239583333,-1.4843587239583333,100.0,5.0,72.0,72.0
SiSensingCGM-AA2410BWU1-01.21.00.00.xls,2025-07-26 12:55:00+00:00,persistent_but_no_hypo,111.0,68.290771484375,-1.6100748697916667,-1.6100748697916667,100.0,5.0,90.0,90.0
SiSensingCGM-AA2410BWU1-01.21.00.00.xls,2025-07-26 14:05:00+00:00,reversal_after_alert,72.0,55.46923828125,-0.4796549479166667,-0.5186197916666667,83.33333333333334,5.0,75.0,124.0
SiSensingCGM-AA2410BWU1-01.21.00.00.xls,2025-07-26 19:50:00+00:00,persistent_but_no_hypo,118.0,56.9990234375,-2.444482421875,-2.4555908203125,100.0,5.0,88.0,88.0
SiSensingCGM-AA2410BWU1-01.21.00.00.xls,2025-07-27 06:30:00+00:00,near_miss_70_80,99.0,61.6455078125,-1.5961588541666667,-1.4686848958333334,100.0,5.0,79.0,79.0
SiSensingCGM-AA2410BWU1-01.21.00.00.xls,2025-07-27 06:50:00+00:00,reversal_after_alert,79.0,57.07275390625,-0.9614908854166667,-0.9614908854166667,100.0,5.0,79.0,86.0
SiSensingCGM-AA2410BWU1-01.21.00.00.xls,2025-07-27 19:25:00+00:00,persistent_but_no_hypo,109.0,62.665283203125,-1.8632975260416667,-1.8632975260416667,100.0,5.0,100.0,102.0
SiSensingCGM-AA2410BWU1-01.21.00.00.xls,2025-07-28 12:30:00+00:00,near_miss_70_80,104.0,53.17431640625,-1.9578450520833333,-1.9578450520833333,100.0,5.0,77.0,77.0
SiSensingCGM-AA2410BWU1-01.21.00.00.xls,2025-07-28 12:45:00+00:00,reversal_after_alert,86.0,56.65869140625,-1.22763671875,-1.22763671875,91.66666666666666,5.0,77.0,95.0
SiSensingCGM-AA2410BWU1-01.21.00.00.xls,2025-07-28 14:20:00+00:00,reversal_after_alert,86.0,63.572509765625,-0.8922688802083333,-0.8922688802083333,41.66666666666667,5.0,77.0,95.0
SiSensingCGM-AA2410BWU1-01.21.00.00.xls,2025-07-29 04:15:00+00:00,reversal_after_alert,79.0,61.7607421875,-0.6291015625,-0.6291015625,91.66666666666666,5.0,79.0,86.0
SiSensingCGM-AA2410BWU1-01.21.00.00.xls,2025-07-29 11:25:00+00:00,persistent_but_no_hypo,113.0,67.3232421875,-1.4596516927083334,-1.6411051432291668,83.33333333333334,5.3209751464843675,102.0,104.0
SiSensingCGM-AA2410BWU1-01.21.00.00.xls,2025-07-29 16:15:00+00:00,reversal_after_alert,86.0,69.4453125,-0.57734375,-0.612109375,100.0,5.0,77.0,118.0
SiSensingCGM-AA2410BWU1-01.21.00.00.xls,2025-07-29 20:00:00+00:00,reversal_after_alert,93.0,58.685302734375,-1.339501953125,-1.339501953125,100.0,5.0,95.0,108.0
SiSensingCGM-AA2410BWU1-01.21.00.00.xls,2025-07-31 04:35:00+00:00,near_miss_70_80,75.0,65.8486328125,-0.3490234375,-0.3490234375,100.0,5.0,72.0,73.0
SiSensingCGM-AA2410C35V-01.21.00.00.xls,2025-03-07 18:05:00+00:00,reversal_after_alert,82.0,62.481201171875,-0.7801595052083333,-0.7873046875,100.0,5.0,82.0,95.0
SiSensingCGM-AA2410C35V-01.21.00.00.xls,2025-04-06 21:50:00+00:00,near_miss_70_80,90.0,59.803466796875,-1.2283365885416666,-1.2180989583333333,100.0,5.0,79.0,88.0
SiSensingCGM-AA2410C35V-01.21.00.00.xls,2025-04-07 03:50:00+00:00,reversal_after_alert,86.0,77.5654296875,-0.6780110677083333,-0.5295817057291666,75.0,6.890989184570305,75.0,95.0
SiSensingCGM-AA2410C35V-01.21.00.00.xls,2025-04-07 06:25:00+00:00,flat_or_slow_recovery,88.0,72.37109375,-0.6841145833333333,-0.6841145833333333,50.0,5.0,81.0,82.0
SiSensingCGM-AA2410C35V-01.21.00.00.xls,2025-04-07 07:25:00+00:00,reversal_after_alert,86.0,80.6943359375,-0.33404947916666666,-0.33404947916666666,58.333333333333336,7.901891210937485,79.0,88.0
SiSensingCGM-AA2410C35V-01.21.00.00.xls,2025-04-07 08:30:00+00:00,reversal_after_alert,73.0,57.551513671875,-0.6058430989583333,-0.6058430989583333,66.66666666666666,5.0,73.0,84.0
SiSensingCGM-AA2410C35V-01.21.00.00.xls,2025-06-06 23:10:00+00:00,reversal_after_alert,72.0,69.971435546875,-0.001025390625,-0.001025390625,91.66666666666666,5.0,81.0,122.0
SiSensingCGM-AA2410C35V-01.21.00.00.xls,2025-06-07 08:35:00+00:00,persistent_but_no_hypo,99.0,43.17822265625,-2.265397135416667,-2.265397135416667,100.0,6.443422070312514,95.0,97.0
SiSensingCGM-AA2410C35V-01.21.00.00.xls,2025-07-07 02:15:00+00:00,near_miss_70_80,73.0,63.27001953125,-0.3595377604166667,-0.3595377604166667,58.333333333333336,5.0,77.0,77.0
SiSensingCGM-AA2410C35V-01.21.00.00.xls,2025-07-07 19:40:00+00:00,persistent_but_no_hypo,109.0,61.201171875,-1.93662109375,-1.898291015625,100.0,5.0,99.0,99.0
SiSensingCGM-AA2410C35V-01.21.00.00.xls,2025-07-14 15:40:00+00:00,near_miss_70_80,90.0,64.816650390625,-0.9809407552083333,-0.9809407552083333,100.0,5.0,75.0,79.0
SiSensingCGM-AA2410C35V-01.21.00.00.xls,2025-07-15 18:10:00+00:00,reversal_after_alert,95.0,67.712890625,-0.9944986979166667,-0.9520345052083333,100.0,5.0,84.0,88.0
SiSensingCGM-AA2410C35V-01.21.00.00.xls,2025-07-16 05:00:00+00:00,reversal_after_alert,88.0,86.65625,-0.09583333333333334,-0.146875,66.66666666666666,5.0,82.0,82.0
SiSensingCGM-AA2410C35V-01.21.00.00.xls,2025-07-16 12:55:00+00:00,reversal_after_alert,84.0,74.7958984375,-0.546826171875,-0.49348144531250004,83.33333333333334,6.623377954101562,82.0,108.0
SiSensingCGM-AA2410C35V-01.21.00.00.xls,2025-07-16 16:45:00+00:00,reversal_after_alert,86.0,64.87890625,-1.0491536458333333,-0.9599283854166667,100.0,5.0,81.0,90.0
SiSensingCGM-AA2410C35V-01.21.00.00.xls,2025-07-16 21:25:00+00:00,near_miss_70_80,73.0,62.5235595703125,-0.35450846354166665,-0.3554890950520833,91.66666666666666,5.0,73.0,77.0
SiSensingCGM-AA2410C35V-01.21.00.00.xls,2025-08-06 20:45:00+00:00,reversal_after_alert,75.0,,,,,,77.0,90.0
SiSensingCGM-AA2410C35V-01.21.00.00.xls,2025-08-07 08:10:00+00:00,reversal_after_alert,88.0,78.707763671875,-0.5079264322916667,-0.5079264322916667,91.66666666666666,5.0,82.0,97.0
SiSensingCGM-AA2410C35V-01.21.00.00.xls,2025-09-07 05:35:00+00:00,reversal_after_alert,72.0,72.5048828125,-0.0034505208333333332,0.026106770833333334,58.333333333333336,5.0,73.0,120.0
SiSensingCGM-AA2410C35V-01.21.00.00.xls,2025-09-07 07:55:00+00:00,near_miss_70_80,91.0,63.149658203125,-1.0664225260416667,-1.0664225260416667,100.0,5.0,79.0,84.0
SiSensingCGM-AA2410C35V-01.21.00.00.xls,2025-10-07 11:35:00+00:00,reversal_after_alert,82.0,66.3916015625,-0.6048177083333334,-0.6111002604166667,100.0,5.0,79.0,86.0
SiSensingCGM-AA2410C35V-01.21.00.00.xls,2025-11-07 06:05:00+00:00,near_miss_70_80,75.0,64.208984375,-0.43076171875,-0.428564453125,100.0,5.0,72.0,72.0
SiSensingCGM-AA2410C35V-01.21.00.00.xls,2025-12-07 17:30:00+00:00,persistent_but_no_hypo,111.0,62.5693359375,-1.8334147135416667,-1.8738850911458333,100.0,5.0,104.0,108.0
SiSensingCGM-AA2410C35V-01.21.00.00.xls,2025-12-07 19:45:00+00:00,reversal_after_alert,91.0,67.2470703125,-0.8792805989583333,-0.9021891276041667,66.66666666666666,5.0,86.0,100.0
SiSensingCGM-AA2410C82V-01.21.00.00.xls,2025-06-13 05:40:00+00:00,persistent_but_no_hypo,88.0,89.642578125,-0.09723307291666666,-0.10457356770833333,91.66666666666666,5.0,84.0,84.0
SiSensingCGM-AA2410C82V-01.21.00.00.xls,2025-06-13 06:15:00+00:00,near_miss_70_80,81.0,66.041015625,-0.629296875,-0.629296875,58.333333333333336,5.533688671875,79.0,82.0
SiSensingCGM-AA2410C82V-01.21.00.00.xls,2025-06-13 12:05:00+00:00,persistent_but_no_hypo,120.0,53.64306640625,-2.597428385416667,-2.597428385416667,83.33333333333334,5.0,95.0,95.0
SiSensingCGM-AA2410C82V-01.21.00.00.xls,2025-06-13 14:05:00+00:00,reversal_after_alert,77.0,59.78759765625,-0.69990234375,-0.68564453125,83.33333333333334,5.0,77.0,120.0
SiSensingCGM-AA2410C82V-01.21.00.00.xls,2025-06-13 16:15:00+00:00,persistent_but_no_hypo,111.0,58.00439453125,-2.04599609375,-2.04599609375,100.0,5.0,106.0,109.0
SiSensingCGM-AA2410C82V-01.21.00.00.xls,2025-06-14 06:15:00+00:00,persistent_but_no_hypo,106.0,57.541748046875,-1.9036295572916666,-1.9036295572916666,100.0,5.0,84.0,88.0
SiSensingCGM-AA2410C82V-01.21.00.00.xls,2025-06-14 06:30:00+00:00,reversal_after_alert,88.0,52.0419921875,-1.3705891927083333,-1.4012613932291667,100.0,5.0,84.0,95.0
SiSensingCGM-AA2410C82V-01.21.00.00.xls,2025-06-14 10:10:00+00:00,reversal_after_alert,104.0,47.189453125,-2.249609375,-2.249609375,83.33333333333334,5.0,102.0,117.0
SiSensingCGM-AA2410C82V-01.21.00.00.xls,2025-06-14 11:50:00+00:00,reversal_after_alert,84.0,55.400390625,-1.1907552083333333,-1.1907552083333333,58.333333333333336,5.656273437499985,82.0,124.0
SiSensingCGM-AA2410C82V-01.21.00.00.xls,2025-06-15 20:00:00+00:00,reversal_after_alert,88.0,57.038330078125,-1.234521484375,-1.234521484375,100.0,5.0,84.0,97.0
SiSensingCGM-AA2410C82V-01.21.00.00.xls,2025-06-16 11:55:00+00:00,near_miss_70_80,99.0,60.353759765625,-1.5356608072916667,-1.5407552083333333,100.0,5.0,75.0,75.0
SiSensingCGM-AA2410C82V-01.21.00.00.xls,2025-06-16 16:40:00+00:00,reversal_after_alert,79.0,68.91015625,-0.38984375,-0.40703124999999996,50.0,5.0,81.0,113.0
SiSensingCGM-AA2410C82V-01.21.00.00.xls,2025-06-16 19:10:00+00:00,reversal_after_alert,82.0,61.10986328125,-0.8617838541666667,-0.8578938802083333,100.0,5.0,72.0,81.0
SiSensingCGM-AA2410C82V-01.21.00.00.xls,2025-06-16 19:25:00+00:00,reversal_after_alert,72.0,52.3515625,-0.7575520833333333,-0.7709635416666667,100.0,5.0,73.0,86.0
SiSensingCGM-AA2410C82V-01.21.00.00.xls,2025-06-17 07:50:00+00:00,reversal_after_alert,95.0,62.641845703125,-1.2179850260416667,-1.2179850260416667,100.0,5.0,90.0,104.0
SiSensingCGM-AA2410C82V-01.21.00.00.xls,2025-06-18 05:30:00+00:00,near_miss_70_80,79.0,63.2666015625,-0.5904296875,-0.5904296875,66.66666666666666,5.0,79.0,79.0
SiSensingCGM-AA2410C82V-01.21.00.00.xls,2025-06-18 14:35:00+00:00,persistent_but_no_hypo,127.0,54.09619140625,-2.74013671875,-2.74013671875,91.66666666666666,7.5643004882812495,104.0,106.0
SiSensingCGM-AA2410C82V-01.21.00.00.xls,2025-06-18 15:00:00+00:00,near_miss_70_80,104.0,68.74853515625,-1.3013346354166666,-1.3013346354166666,100.0,6.661806347656257,75.0,75.0
SiSensingCGM-AA2410C82V-01.21.00.00.xls,2025-06-18 15:20:00+00:00,reversal_after_alert,82.0,54.69677734375,-1.1596028645833334,-1.1596028645833334,100.0,8.011927929687507,73.0,84.0
SiSensingCGM-AA2410C82V-01.21.00.00.xls,2025-06-18 19:50:00+00:00,flat_or_slow_recovery,104.0,68.990234375,-1.34482421875,-1.305908203125,66.66666666666666,5.0,102.0,106.0
SiSensingCGM-AA2410C82V-01.21.00.00.xls,2025-06-21 00:35:00+00:00,reversal_after_alert,81.0,67.34228515625,-0.51591796875,-0.51591796875,41.66666666666667,5.0,82.0,91.0
SiSensingCGM-AA2410C82V-01.21.00.00.xls,2025-06-21 02:40:00+00:00,reversal_after_alert,82.0,76.36181640625,-0.38701171875,-0.38701171875,50.0,5.64155361328125,79.0,90.0
SiSensingCGM-AA2410C82V-01.21.00.00.xls,2025-06-21 04:30:00+00:00,reversal_after_alert,73.0,63.1796875,-0.4140625,-0.4140625,75.0,5.0,73.0,81.0
SiSensingCGM-AA2410C82V-01.21.00.00.xls,2025-06-21 05:25:00+00:00,near_miss_70_80,72.0,69.60791015625,-0.17666015625,-0.17330729166666667,50.0,5.0,73.0,75.0
SiSensingCGM-AA2410C82V-01.21.00.00.xls,2025-06-22 19:50:00+00:00,near_miss_70_80,104.0,60.00317382812501,-1.8072428385416666,-1.7480305989583331,100.0,5.0,72.0,72.0
SiSensingCGM-AA2410C82V-01.21.00.00.xls,2025-10-06 17:45:00+00:00,reversal_after_alert,73.0,81.99658203125,0.30244140625,0.30244140625,75.0,5.0,77.0,145.0
SiSensingCGM-AA2410C82V-01.21.00.00.xls,2025-11-06 00:35:00+00:00,reversal_after_alert,117.0,44.38037109375,-2.847884114583333,-2.847884114583333,41.66666666666667,5.0,106.0,131.0
SiSensingCGM-AA2410C82V-01.21.00.00.xls,2025-11-06 10:35:00+00:00,near_miss_70_80,91.0,69.358154296875,-0.848681640625,-0.848681640625,100.0,5.0,79.0,79.0
SiSensingCGM-AA2410C82V-01.21.00.00.xls,2025-11-06 18:40:00+00:00,reversal_after_alert,90.0,52.9736328125,-1.551025390625,-1.5259521484375,100.0,5.0,82.0,108.0
SiSensingCGM-AA2410C82V-01.21.00.00.xls,2025-12-05 23:35:00+00:00,near_miss_70_80,72.0,86.623046875,0.5131184895833333,0.5336100260416666,8.333333333333332,5.0,72.0,72.0
SiSensingCGM-AA2410C0TV-01.21.00.00.xls,2025-02-06 10:20:00+00:00,reversal_after_alert,72.0,55.501953125,-0.5193684895833334,-0.5679850260416667,100.0,5.0,75.0,91.0
SiSensingCGM-AA2410C0TV-01.21.00.00.xls,2025-02-06 14:25:00+00:00,near_miss_70_80,82.0,66.60009765625,-0.7162434895833333,-0.712109375,66.66666666666666,5.0,72.0,72.0
SiSensingCGM-AA2410C0TV-01.21.00.00.xls,2025-04-06 08:20:00+00:00,reversal_after_alert,88.0,49.9814453125,-1.695166015625,-1.6312255859375,100.0,7.875950537109374,77.0,104.0
SiSensingCGM-AA2410C0TV-01.21.00.00.xls,2025-05-06 00:45:00+00:00,flat_or_slow_recovery,90.0,98.740234375,-0.53232421875,-0.13715820312500002,58.333333333333336,11.394953759765624,90.0,91.0
SiSensingCGM-AA2410C0TV-01.21.00.00.xls,2025-05-06 04:25:00+00:00,reversal_after_alert,79.0,103.9599609375,0.276220703125,0.4707763671875,50.0,16.92466083984375,82.0,82.0
SiSensingCGM-AA2410C0TV-01.21.00.00.xls,2025-05-27 03:20:00+00:00,reversal_after_alert,88.0,80.291259765625,-0.5485188802083333,-0.5485188802083333,58.333333333333336,5.0,75.0,100.0
SiSensingCGM-AA2410C0TV-01.21.00.00.xls,2025-05-27 16:05:00+00:00,near_miss_70_80,122.0,55.461181640625,-2.6603678385416667,-2.6603678385416667,75.0,5.0,75.0,75.0
SiSensingCGM-AA2410C0TV-01.21.00.00.xls,2025-05-27 16:25:00+00:00,near_miss_70_80,82.0,28.281005859375007,-2.107861328125,-2.107861328125,100.0,5.0,72.0,72.0
SiSensingCGM-AA2410C0TV-01.21.00.00.xls,2025-05-28 05:35:00+00:00,reversal_after_alert,90.0,52.56640625,-1.5283854166666666,-1.5283854166666666,100.0,5.0,75.0,91.0
SiSensingCGM-AA2410C0TV-01.21.00.00.xls,2025-05-29 04:55:00+00:00,persistent_but_no_hypo,122.0,65.42578125,-1.8565104166666666,-1.8565104166666666,83.33333333333334,9.12146484375,91.0,91.0
SiSensingCGM-AA2410C0TV-01.21.00.00.xls,2025-05-29 05:20:00+00:00,reversal_after_alert,91.0,61.8681640625,-1.1534505208333334,-1.1534505208333334,83.33333333333334,5.0,91.0,104.0
SiSensingCGM-AA2410C0TV-01.21.00.00.xls,2025-05-29 21:35:00+00:00,reversal_after_alert,90.0,50.254150390625,-1.6267740885416666,-1.6267740885416666,58.333333333333336,5.731923681640632,84.0,102.0
SiSensingCGM-AA2410C0TV-01.21.00.00.xls,2025-05-29 22:35:00+00:00,near_miss_70_80,82.0,65.73974609375,-0.74267578125,-0.74267578125,50.0,5.0,73.0,79.0
SiSensingCGM-AA2410C0TV-01.21.00.00.xls,2025-05-30 19:00:00+00:00,flat_or_slow_recovery,127.0,20.0,-4.235953776041667,-4.235953776041667,66.66666666666666,6.879949316406221,117.0,118.0
SiSensingCGM-AA2410C0TV-01.21.00.00.xls,2025-05-30 20:35:00+00:00,reversal_after_alert,91.0,69.1474609375,-0.8498209635416667,-0.7891194661458334,83.33333333333334,5.0,82.0,82.0
SiSensingCGM-AA2410C0TV-01.21.00.00.xls,2025-05-30 21:05:00+00:00,reversal_after_alert,82.0,70.847412109375,-0.569580078125,-0.569580078125,66.66666666666666,9.121102880859375,84.0,115.0
SiSensingCGM-AA2410C0TV-01.21.00.00.xls,2025-05-30 22:20:00+00:00,reversal_after_alert,72.0,64.8720703125,-0.21053059895833334,-0.22406412760416666,66.66666666666666,5.0,72.0,77.0
SiSensingCGM-AA2410C0TV-01.21.00.00.xls,2025-05-31 05:15:00+00:00,reversal_after_alert,77.0,67.4873046875,-0.36712239583333334,-0.36712239583333334,75.0,5.0,73.0,79.0
SiSensingCGM-AA2410C0TV-01.21.00.00.xls,2025-05-31 12:20:00+00:00,reversal_after_alert,84.0,69.41455078125,-0.6722981770833333,-0.6722981770833333,83.33333333333334,5.0,82.0,97.0
SiSensingCGM-AA2410C0TV-01.21.00.00.xls,2025-05-31 14:00:00+00:00,reversal_after_alert,77.0,66.72216796875,-0.35869140625,-0.35869140625,75.0,5.0,77.0,117.0
SiSensingCGM-AA2410C0TV-01.21.00.00.xls,2025-06-06 01:50:00+00:00,near_miss_70_80,79.0,58.83544921875,-0.81103515625,-0.81103515625,100.0,5.0,72.0,75.0
SiSensingCGM-AA2410C0TV-01.21.00.00.xls,2025-06-06 04:55:00+00:00,near_miss_70_80,91.0,66.60888671875,-0.90634765625,-0.90634765625,33.33333333333333,5.0,73.0,73.0
SiSensingCGM-AA2410C0TV-01.21.00.00.xls,2025-06-06 08:55:00+00:00,reversal_after_alert,82.0,62.25,-0.8166666666666667,-0.7833333333333333,66.66666666666666,5.0,82.0,127.0
SiSensingCGM-AA2410C0TV-01.21.00.00.xls,2025-06-06 13:30:00+00:00,near_miss_70_80,90.0,63.00244140625,-1.0255533854166667,-1.0255533854166667,100.0,5.0,73.0,73.0
SiSensingCGM-AA2410C0TV-01.21.00.00.xls,2025-06-06 17:15:00+00:00,reversal_after_alert,97.0,20.0,-3.9652994791666667,-3.9652994791666667,83.33333333333334,5.476739843750027,73.0,79.0
SiSensingCGM-AA2410C0TV-01.21.00.00.xls,2025-07-06 03:40:00+00:00,reversal_after_alert,72.0,76.02880859375,0.16513671875,0.16513671875,66.66666666666666,5.0,73.0,113.0
SiSensingCGM-AA2410C6YG-01.21.00.00.xls,2025-05-17 21:15:00+00:00,near_miss_70_80,102.0,59.513427734375,-1.673876953125,-1.673876953125,83.33333333333334,5.0,75.0,75.0
SiSensingCGM-AA2410C6YG-01.21.00.00.xls,2025-05-17 22:05:00+00:00,reversal_after_alert,72.0,65.431640625,-0.18876953125,-0.203857421875,91.66666666666666,5.0,72.0,75.0
SiSensingCGM-AA2410C6YG-01.21.00.00.xls,2025-05-20 17:15:00+00:00,reversal_after_alert,97.0,65.782958984375,-1.2283040364583333,-1.2283040364583333,66.66666666666666,5.0,90.0,104.0
SiSensingCGM-AA2410C6YG-01.21.00.00.xls,2025-05-20 22:15:00+00:00,persistent_but_no_hypo,136.0,56.9912109375,-3.1170084635416666,-3.108650716145833,91.66666666666666,5.0,95.0,95.0
SiSensingCGM-AA2410C6YG-01.21.00.00.xls,2025-07-05 19:20:00+00:00,near_miss_70_80,133.0,62.29052734375,-2.5741861979166667,-2.5741861979166667,100.0,10.904011425781277,79.0,79.0
SiSensingCGM-AA2410C6YG-01.21.00.00.xls,2025-07-05 19:40:00+00:00,reversal_after_alert,84.0,26.3193359375,-2.2757161458333335,-2.2757161458333335,100.0,5.0,79.0,97.0
SiSensingCGM-AA2410C6YG-01.21.00.00.xls,2025-08-04 22:40:00+00:00,reversal_after_alert,86.0,40.97900390625,-1.7802408854166667,-1.7802408854166667,91.66666666666666,5.0,84.0,100.0
SiSensingCGM-AA2410C6YG-01.21.00.00.xls,2025-08-05 13:30:00+00:00,near_miss_70_80,88.0,66.7197265625,-0.816455078125,-0.8295654296874999,100.0,5.0,73.0,73.0
SiSensingCGM-AA2410C6YG-01.21.00.00.xls,2025-09-04 22:50:00+00:00,persistent_but_no_hypo,109.0,64.1923828125,-1.736962890625,-1.6986083984375,100.0,5.0,95.0,95.0
SiSensingCGM-AA2410C6YG-01.21.00.00.xls,2025-10-04 21:10:00+00:00,near_miss_70_80,88.0,,,,,,77.0,77.0
SiSensingCGM-AA2410C6YG-01.21.00.00.xls,2025-10-04 21:45:00+00:00,reversal_after_alert,75.0,64.94384765625,-0.4122721354166667,-0.4122721354166667,100.0,5.0,72.0,84.0
SiSensingCGM-AA2410C6YG-01.21.00.00.xls,2025-10-05 16:35:00+00:00,reversal_after_alert,84.0,68.5068359375,-0.5469563802083334,-0.5650309244791667,100.0,5.0,86.0,93.0
SiSensingCGM-AA2410C6YG-01.21.00.00.xls,2025-12-05 00:35:00+00:00,near_miss_70_80,79.0,69.634765625,-0.38190104166666666,-0.37278645833333335,83.33333333333334,5.0,73.0,73.0
SiSensingCGM-AA2410C6YG-01.21.00.00.xls,2025-12-05 04:35:00+00:00,reversal_after_alert,79.0,65.770751953125,-0.43387044270833336,-0.43387044270833336,83.33333333333334,5.0,72.0,82.0
SiSensingCGM-AA2410C6YG-01.21.00.00.xls,2025-12-05 04:55:00+00:00,reversal_after_alert,72.0,61.79638671875,-0.4021809895833333,-0.4021809895833333,83.33333333333334,5.0,73.0,93.0
SiSensingCGM-AA2408PKH6-01.21.00.00.xls,2025-01-05 12:35:00+00:00,near_miss_70_80,86.0,54.1650390625,-1.2607421875,-1.2607421875,100.0,5.0,72.0,73.0
SiSensingCGM-AA2408PKH6-01.21.00.00.xls,2025-02-04 23:15:00+00:00,near_miss_70_80,86.0,54.270263671875,-1.2620930989583334,-1.2620930989583334,100.0,5.0,72.0,72.0
SiSensingCGM-AA2408PKH6-01.21.00.00.xls,2025-02-05 01:40:00+00:00,near_miss_70_80,72.0,74.62060546875,0.10432942708333333,0.10432942708333333,8.333333333333332,5.0,72.0,75.0
SiSensingCGM-AA2408PKH6-01.21.00.00.xls,2025-03-04 23:45:00+00:00,reversal_after_alert,75.0,82.7978515625,0.32037760416666666,0.31614583333333335,25.0,5.0,77.0,82.0
SiSensingCGM-AA2408PKH6-01.21.00.00.xls,2025-03-05 04:20:00+00:00,near_miss_70_80,77.0,69.517578125,-0.29098307291666664,-0.27019856770833334,58.333333333333336,5.0,73.0,73.0
SiSensingCGM-AA2408PKH6-01.21.00.00.xls,2025-03-05 04:55:00+00:00,near_miss_70_80,73.0,67.38330078125,-0.21188151041666667,-0.21188151041666667,75.0,5.0,73.0,73.0
SiSensingCGM-AA2408PKH6-01.21.00.00.xls,2025-03-05 05:35:00+00:00,reversal_after_alert,73.0,69.58984375,-0.1326171875,-0.12314453125000001,75.0,5.0,73.0,84.0
SiSensingCGM-AA2408PKH6-01.21.00.00.xls,2025-03-05 16:00:00+00:00,near_miss_70_80,95.0,56.105712890625,-1.5730794270833333,-1.5707438151041666,91.66666666666666,5.0,72.0,72.0
SiSensingCGM-AA2408PKH6-01.21.00.00.xls,2025-04-05 01:25:00+00:00,near_miss_70_80,72.0,65.56591796875,-0.25660807291666665,-0.25660807291666665,83.33333333333334,5.0,72.0,73.0
SiSensingCGM-AA2408PKH6-01.21.00.00.xls,2025-04-05 02:45:00+00:00,near_miss_70_80,72.0,74.39208984375,0.09612630208333334,0.09612630208333334,66.66666666666666,5.0,72.0,72.0
SiSensingCGM-AA2408PKH6-01.21.00.00.xls,2025-04-05 06:00:00+00:00,reversal_after_alert,75.0,84.87548828125,0.36988932291666665,0.36988932291666665,8.333333333333332,5.0,81.0,147.0
SiSensingCGM-AA2408PKH6-01.21.00.00.xls,2025-04-23 19:20:00+00:00,persistent_but_no_hypo,93.0,46.387939453125,-1.827099609375,-1.827099609375,100.0,5.0,81.0,81.0
SiSensingCGM-AA2408PKH6-01.21.00.00.xls,2025-04-23 22:40:00+00:00,reversal_after_alert,82.0,67.480712890625,-0.5314615885416667,-0.5314615885416667,91.66666666666666,5.0,81.0,93.0
SiSensingCGM-AA2408PKH6-01.21.00.00.xls,2025-04-23 23:35:00+00:00,reversal_after_alert,77.0,63.97314453125,-0.6310221354166666,-0.4935872395833333,41.66666666666667,5.0,72.0,93.0
SiSensingCGM-AA2408PKH6-01.21.00.00.xls,2025-04-24 07:05:00+00:00,near_miss_70_80,100.0,65.23779296875,-1.15556640625,-1.15556640625,83.33333333333334,5.0,79.0,79.0
SiSensingCGM-AA2408PKH6-01.21.00.00.xls,2025-04-25 13:30:00+00:00,reversal_after_alert,88.0,60.090087890625,-1.1095865885416667,-1.1095865885416667,100.0,5.0,88.0,113.0
SiSensingCGM-AA2408PKH6-01.21.00.00.xls,2025-04-26 16:10:00+00:00,near_miss_70_80,95.0,51.04541015625,-1.67529296875,-1.67529296875,91.66666666666666,5.0,75.0,75.0
SiSensingCGM-AA2408PKH6-01.21.00.00.xls,2025-04-26 16:45:00+00:00,reversal_after_alert,75.0,55.665283203125,-0.7299641927083333,-0.7299641927083333,100.0,5.0,77.0,122.0
SiSensingCGM-AA2408PKH6-01.21.00.00.xls,2025-04-27 06:10:00+00:00,persistent_but_no_hypo,109.0,60.5263671875,-1.9093098958333334,-1.9093098958333334,100.0,5.0,93.0,100.0
SiSensingCGM-AA2408PKH6-01.21.00.00.xls,2025-04-28 11:40:00+00:00,near_miss_70_80,75.0,56.402099609375,-0.7753092447916666,-0.7753092447916666,100.0,5.0,73.0,73.0
SiSensingCGM-AA2408PKH6-01.21.00.00.xls,2025-04-28 16:05:00+00:00,near_miss_70_80,118.0,67.556640625,-2.09501953125,-1.988232421875,66.66666666666666,6.017633056640625,79.0,79.0
SiSensingCGM-AA2408PKH6-01.21.00.00.xls,2025-04-28 20:40:00+00:00,persistent_but_no_hypo,95.0,57.41845703125,-1.4465169270833333,-1.4465169270833333,91.66666666666666,5.0,86.0,86.0
SiSensingCGM-AA2408PKH6-01.21.00.00.xls,2025-04-29 03:15:00+00:00,near_miss_70_80,77.0,68.11572265625,-0.27789713541666666,-0.27789713541666666,50.0,5.0,77.0,81.0
SiSensingCGM-AA2408PKH6-01.21.00.00.xls,2025-04-29 22:30:00+00:00,reversal_after_alert,86.0,59.821044921875,-1.0269368489583333,-1.0269368489583333,75.0,5.0,82.0,86.0
SiSensingCGM-AA2408N7KW-01.21.00.00.xls,2025-04-15 15:10:00+00:00,persistent_but_no_hypo,97.0,59.6669921875,-1.4518391927083334,-1.4481363932291667,100.0,5.0,86.0,88.0
SiSensingCGM-AA2408N7KW-01.21.00.00.xls,2025-04-17 10:40:00+00:00,reversal_after_alert,102.0,39.7080078125,-2.900162760416667,-2.7787923177083336,100.0,5.0,88.0,90.0
SiSensingCGM-AA2408N7KW-01.21.00.00.xls,2025-04-17 21:00:00+00:00,reversal_after_alert,91.0,51.1416015625,-1.6067057291666667,-1.6005208333333334,75.0,5.0,97.0,109.0
SiSensingCGM-AA2408N7KW-01.21.00.00.xls,2025-04-18 06:35:00+00:00,near_miss_70_80,109.0,48.521484375000014,-2.437109375,-2.4281249999999996,91.66666666666666,5.0,72.0,72.0
SiSensingCGM-AA2408N7KW-01.21.00.00.xls,2025-11-04 02:20:00+00:00,reversal_after_alert,97.0,62.454833984375,-1.3272623697916666,-1.3272623697916666,91.66666666666666,5.0,97.0,102.0
SiSensingCGM-AA2408N7KW-01.21.00.00.xls,2025-12-04 04:05:00+00:00,reversal_after_alert,90.0,93.49462890625,-0.17327473958333334,-0.133984375,58.333333333333336,10.896530859375,77.0,97.0
SiSensingCGM-AA2408N7KW-01.21.00.00.xls,2025-12-04 05:30:00+00:00,reversal_after_alert,86.0,87.1171875,-0.14544270833333334,-0.12076822916666667,58.333333333333336,5.0,84.0,93.0
SiSensingCGM-AA240324FJ-01.21.00.00.xls,2025-03-20 14:55:00+00:00,reversal_after_alert,104.0,58.166015625,-1.6919921875,-1.75341796875,83.33333333333334,5.0,90.0,104.0
SiSensingCGM-AA240324FJ-01.21.00.00.xls,2025-03-21 04:05:00+00:00,reversal_after_alert,90.0,69.24365234375,-0.81689453125,-0.81689453125,25.0,10.25296083984375,91.0,100.0
SiSensingCGM-AA240324FJ-01.21.00.00.xls,2025-03-21 07:05:00+00:00,reversal_after_alert,88.0,67.7841796875,-0.7410807291666667,-0.7410807291666667,41.66666666666667,5.0,88.0,106.0
SiSensingCGM-AA240324FJ-01.21.00.00.xls,2025-03-21 23:40:00+00:00,near_miss_70_80,88.0,53.47900390625,-1.41357421875,-1.41357421875,66.66666666666666,8.694348632812499,79.0,79.0
SiSensingCGM-AA240324FJ-01.21.00.00.xls,2025-03-22 02:40:00+00:00,near_miss_70_80,82.0,62.189453125,-0.77041015625,-0.715380859375,41.66666666666667,5.0,73.0,73.0
SiSensingCGM-AA240324FJ-01.21.00.00.xls,2025-03-22 15:35:00+00:00,reversal_after_alert,88.0,54.1943359375,-1.3007161458333334,-1.3007161458333334,100.0,5.0,79.0,97.0
SiSensingCGM-AA240324FJ-01.21.00.00.xls,2025-03-23 06:05:00+00:00,persistent_but_no_hypo,90.0,68.2509765625,-0.9602213541666667,-0.9602213541666667,100.0,5.0,93.0,93.0
SiSensingCGM-AA240324FJ-01.21.00.00.xls,2025-03-23 22:05:00+00:00,persistent_but_no_hypo,99.0,66.97607421875,-1.28291015625,-1.28291015625,100.0,5.0,84.0,84.0
SiSensingCGM-AA240324FJ-01.21.00.00.xls,2025-03-24 19:10:00+00:00,persistent_but_no_hypo,102.0,20.0,-4.196468098958333,-4.196468098958333,83.33333333333334,7.308272070312485,86.0,90.0
SiSensingCGM-AA240324FJ-01.21.00.00.xls,2025-03-25 16:55:00+00:00,reversal_after_alert,88.0,73.2958984375,-0.6304036458333333,-0.6304036458333333,83.33333333333334,5.349328906249986,91.0,118.0
SiSensingCGM-AA240324FJ-01.21.00.00.xls,2025-03-26 23:05:00+00:00,reversal_after_alert,72.0,65.87890625,-0.33255208333333336,-0.33255208333333336,25.0,5.0,73.0,82.0
SiSensingCGM-AA240324FJ-01.21.00.00.xls,2025-03-28 17:15:00+00:00,persistent_but_no_hypo,135.0,68.349609375,-2.833723958333333,-2.6240885416666666,75.0,5.0,84.0,84.0
SiSensingCGM-AA240324FJ-01.21.00.00.xls,2025-03-28 21:15:00+00:00,reversal_after_alert,120.0,57.6943359375,-2.4063313802083335,-2.391593424479167,66.66666666666666,5.0,81.0,88.0
SiSensingCGM-AA240324FJ-01.21.00.00.xls,2025-03-28 23:15:00+00:00,reversal_after_alert,73.0,87.20556640625,0.5150716145833333,0.5150716145833333,50.0,5.0,75.0,82.0
SiSensingCGM-AA240324FJ-01.21.00.00.xls,2025-03-30 03:30:00+00:00,reversal_after_alert,86.0,70.41455078125,-0.8056315104166667,-0.8056315104166667,75.0,12.111278320312499,84.0,97.0
SiSensingCGM-AA240324FJ-01.21.00.00.xls,2025-03-31 10:05:00+00:00,reversal_after_alert,86.0,62.547607421875,-0.898291015625,-0.898291015625,58.333333333333336,5.0,72.0,81.0
SiSensingCGM-AA240324FJ-01.21.00.00.xls,2025-03-31 10:20:00+00:00,reversal_after_alert,72.0,50.81982421875,-0.8627278645833333,-0.85810546875,83.33333333333334,5.0,72.0,108.0
SiSensingCGM-AA24030XSX-01.21.00.00.xls,2025-02-03 13:05:00+00:00,reversal_after_alert,91.0,58.83056640625,-1.29326171875,-1.29326171875,100.0,5.0,72.0,81.0
SiSensingCGM-AA24030XSX-01.21.00.00.xls,2025-03-03 02:45:00+00:00,reversal_after_alert,97.0,20.0,-4.053678385416666,-4.053678385416666,25.0,9.691435742187485,90.0,198.0
SiSensingCGM-AA24030XSX-01.21.00.00.xls,2025-03-13 20:10:00+00:00,reversal_after_alert,104.0,64.959228515625,-1.5399251302083334,-1.5399251302083334,100.0,5.0,93.0,111.0
SiSensingCGM-AA24030XSX-01.21.00.00.xls,2025-03-13 22:25:00+00:00,near_miss_70_80,84.0,,,,,,77.0,77.0
SiSensingCGM-AA24030XSX-01.21.00.00.xls,2025-03-14 22:55:00+00:00,reversal_after_alert,88.0,68.26123046875,-0.80087890625,-0.80087890625,41.66666666666667,5.9369153320312495,95.0,104.0
SiSensingCGM-AA24030XSX-01.21.00.00.xls,2025-03-15 17:00:00+00:00,flat_or_slow_recovery,99.0,43.27099609375,-2.1030924479166666,-2.1030924479166666,66.66666666666666,6.786321582031236,84.0,90.0
SiSensingCGM-AA24030XSX-01.21.00.00.xls,2025-04-03 09:40:00+00:00,reversal_after_alert,72.0,54.15087890625,-0.57919921875,-0.57919921875,75.0,5.77620380859375,73.0,84.0
SiSensingCGM-AA24030XSX-01.21.00.00.xls,2025-04-03 14:15:00+00:00,near_miss_70_80,93.0,27.142333984375,-2.6564290364583334,-2.6564290364583334,100.0,5.0,72.0,72.0
SiSensingCGM-AA24030XSX-01.21.00.00.xls,2025-04-03 20:25:00+00:00,flat_or_slow_recovery,88.0,66.240234375,-0.8764322916666667,-0.8688802083333333,58.333333333333336,5.0,88.0,88.0
SiSensingCGM-AA24030XSX-01.21.00.00.xls,2025-05-02 22:50:00+00:00,reversal_after_alert,86.0,79.9931640625,-0.461376953125,-0.4141357421875,66.66666666666666,7.517788256835937,82.0,100.0
SiSensingCGM-AA24030XSX-01.21.00.00.xls,2025-05-03 00:35:00+00:00,near_miss_70_80,79.0,69.615234375,-0.3173828125,-0.34501953125,83.33333333333334,5.0,79.0,79.0
SiSensingCGM-AA24030XSX-01.21.00.00.xls,2025-05-03 04:25:00+00:00,persistent_but_no_hypo,102.0,64.222900390625,-1.366357421875,-1.366357421875,100.0,5.0,113.0,113.0
SiSensingCGM-AA24030XSX-01.21.00.00.xls,2025-06-03 07:20:00+00:00,reversal_after_alert,72.0,58.91015625,-0.30904947916666664,-0.3726888020833333,66.66666666666666,5.0,73.0,73.0
SiSensingCGM-AA24030XSX-01.21.00.00.xls,2025-06-03 13:50:00+00:00,reversal_after_alert,90.0,68.121337890625,-0.7700032552083333,-0.7700032552083333,100.0,5.0,97.0,136.0
SiSensingCGM-AA24030XSX-01.21.00.00.xls,2025-06-03 19:20:00+00:00,persistent_but_no_hypo,106.0,68.1279296875,-1.3818684895833333,-1.4325358072916665,91.66666666666666,5.0,102.0,102.0
SiSensingCGM-AA24030XSX-01.21.00.00.xls,2025-07-02 23:50:00+00:00,reversal_after_alert,95.0,64.7802734375,-1.158544921875,-1.1329345703125,100.0,5.0,93.0,118.0
SiSensingCGM-AA24030XSX-01.21.00.00.xls,2025-07-03 20:00:00+00:00,reversal_after_alert,120.0,69.1435546875,-1.7444173177083333,-1.8198160807291668,75.0,5.636606787109347,97.0,97.0
SiSensingCGM-AA24030XSX-01.21.00.00.xls,2025-09-02 22:50:00+00:00,reversal_after_alert,82.0,70.617919921875,-0.5675618489583333,-0.5675618489583333,25.0,5.449471972656243,79.0,81.0
SiSensingCGM-AA24030XSX-01.21.00.00.xls,2025-09-03 03:45:00+00:00,persistent_but_no_hypo,86.0,68.77685546875,-0.59775390625,-0.59775390625,75.0,5.0,82.0,82.0
SiSensingCGM-AA24030XSX-01.21.00.00.xls,2025-10-02 23:15:00+00:00,persistent_but_no_hypo,129.0,62.8349609375,-2.5392578125,-2.5392578125,91.66666666666666,5.0,109.0,109.0
SiSensingCGM-AA24030XSX-01.21.00.00.xls,2025-11-02 23:40:00+00:00,reversal_after_alert,72.0,56.04541015625,-0.821044921875,-0.7428466796875,91.66666666666666,5.0,77.0,84.0
SiSensingCGM-AA24030XSX-01.21.00.00.xls,2025-12-02 23:00:00+00:00,near_miss_70_80,72.0,55.556640625,-0.69501953125,-0.688232421875,100.0,5.0,73.0,73.0
SiSensingCGM-AA24030XSX-01.21.00.00.xls,2025-12-02 23:45:00+00:00,near_miss_70_80,72.0,69.711181640625,-0.07423502604166667,-0.09588216145833334,75.0,5.0,72.0,73.0
SiSensingCGM-AA24030XSX-01.21.00.00.xls,2025-12-03 16:20:00+00:00,persistent_but_no_hypo,90.0,65.290869140625,-0.8824381510416667,-0.910478515625,100.0,5.0,82.0,84.0
SiSensingCGM-AA2408NC7T-01.21.00.00.xls,2025-02-14 15:45:00+00:00,reversal_after_alert,90.0,60.507080078125,-1.140771484375,-1.140771484375,58.333333333333336,5.0,88.0,106.0
SiSensingCGM-AA2408NC7T-01.21.00.00.xls,2025-02-16 08:10:00+00:00,near_miss_70_80,79.0,60.69970703125,-0.7236002604166667,-0.7236002604166667,91.66666666666666,5.0,72.0,72.0
SiSensingCGM-AA2408NC7T-01.21.00.00.xls,2025-02-16 09:20:00+00:00,reversal_after_alert,72.0,77.1396484375,0.20501302083333334,0.20501302083333334,41.66666666666667,5.0,93.0,190.0
SiSensingCGM-AA2408NC7T-01.21.00.00.xls,2025-02-16 20:25:00+00:00,persistent_but_no_hypo,100.0,69.55419921875,-1.2006184895833334,-1.2006184895833334,91.66666666666666,5.0,91.0,95.0
SiSensingCGM-AA2408NC7T-01.21.00.00.xls,2025-02-18 22:50:00+00:00,near_miss_70_80,90.0,89.158935546875,-0.163525390625,-0.163525390625,16.666666666666664,5.660013720703125,73.0,73.0
SiSensingCGM-AA2408NC7T-01.21.00.00.xls,2025-02-20 15:40:00+00:00,persistent_but_no_hypo,95.0,67.912109375,-1.0367513020833334,-1.0198404947916666,83.33333333333334,5.0,84.0,88.0
SiSensingCGM-AA2408NC7T-01.21.00.00.xls,2025-02-21 03:25:00+00:00,reversal_after_alert,82.0,67.6298828125,-0.5261067708333333,-0.5261067708333333,91.66666666666666,5.0,81.0,86.0
SiSensingCGM-AA2408NC7T-01.21.00.00.xls,2025-02-21 04:45:00+00:00,reversal_after_alert,72.0,63.05517578125,-0.4441731770833333,-0.4441731770833333,66.66666666666666,5.0,82.0,88.0
SiSensingCGM-AA2408NC7T-01.21.00.00.xls,2025-02-21 06:45:00+00:00,reversal_after_alert,73.0,63.48046875,-0.36223958333333334,-0.36223958333333334,75.0,5.0,77.0,82.0
SiSensingCGM-AA2408NC7T-01.21.00.00.xls,2025-02-21 20:55:00+00:00,flat_or_slow_recovery,113.0,37.30712890625,-3.0146158854166667,-3.0146158854166667,66.66666666666666,5.0,113.0,113.0
SiSensingCGM-AA2408NC7T-01.21.00.00.xls,2025-02-21 21:45:00+00:00,reversal_after_alert,93.0,68.5712890625,-0.9611165364583333,-0.9210367838541667,91.66666666666666,5.0,88.0,106.0
SiSensingCGM-AA2408NC7T-01.21.00.00.xls,2025-02-22 15:05:00+00:00,reversal_after_alert,109.0,68.991455078125,-1.2001139322916667,-1.30029296875,91.66666666666666,6.66952822265625,106.0,109.0
SiSensingCGM-AA2408NC7T-01.21.00.00.xls,2025-02-24 09:50:00+00:00,persistent_but_no_hypo,108.0,46.13671875,-2.455794270833333,-2.4089518229166664,100.0,5.0,84.0,84.0
SiSensingCGM-AA2408NC7T-01.21.00.00.xls,2025-02-24 15:10:00+00:00,reversal_after_alert,77.0,63.8544921875,-0.47701822916666664,-0.47701822916666664,100.0,5.0,77.0,95.0
SiSensingCGM-AA2408NC7T-01.21.00.00.xls,2025-12-02 07:30:00+00:00,reversal_after_alert,72.0,59.7314453125,-0.14933268229166666,-0.2958089192708333,66.66666666666666,5.0,88.0,138.0
SiSensingCGM-AA2408NC7T-01.21.00.00.xls,2025-12-02 18:20:00+00:00,near_miss_70_80,122.0,20.0,-5.398697916666666,-5.398697916666666,50.0,13.353052343749985,73.0,73.0
SiSensingCGM-AA2408NC7T-01.21.00.00.xls,2025-12-02 20:00:00+00:00,reversal_after_alert,72.0,62.466064453125,-0.37814127604166664,-0.37814127604166664,58.333333333333336,5.0,72.0,84.0
SiSensingCGM-AA2408N6A6-01.21.00.00.xls,2025-01-26 02:15:00+00:00,reversal_after_alert,77.0,65.2470703125,-0.695947265625,-0.6605224609375,83.33333333333334,5.0,72.0,86.0
SiSensingCGM-AA2408N6A6-01.21.00.00.xls,2025-01-29 00:05:00+00:00,near_miss_70_80,82.0,61.75390625,-0.8095703125,-0.80888671875,100.0,5.0,75.0,75.0
SiSensingCGM-AA2408N6A6-01.21.00.00.xls,2025-01-30 04:40:00+00:00,near_miss_70_80,106.0,64.384765625,-1.7405924479166666,-1.6305501302083334,100.0,5.0,77.0,77.0
SiSensingCGM-AA2408N6A6-01.21.00.00.xls,2025-01-31 09:25:00+00:00,reversal_after_alert,104.0,66.003662109375,-1.4716634114583333,-1.4716634114583333,100.0,5.0,99.0,136.0
SiSensingCGM-AA2408N6A6-01.21.00.00.xls,2025-02-02 02:15:00+00:00,near_miss_70_80,86.0,63.296875,-0.840625,-0.840625,100.0,5.0,72.0,72.0
SiSensingCGM-AA2408N6A6-01.21.00.00.xls,2025-04-02 01:30:00+00:00,near_miss_70_80,72.0,74.068359375,0.08450520833333333,0.08450520833333333,41.66666666666667,5.0,72.0,72.0
SiSensingCGM-AA2408N6A6-01.21.00.00.xls,2025-04-02 01:50:00+00:00,near_miss_70_80,72.0,72.74951171875,0.02177734375,0.02177734375,58.333333333333336,5.0,72.0,73.0
SiSensingCGM-AA2408N6A6-01.21.00.00.xls,2025-05-02 01:45:00+00:00,near_miss_70_80,73.0,77.740234375,0.18434244791666668,0.17117513020833336,25.0,5.0,75.0,79.0
SiSensingCGM-AA2408N6A6-01.21.00.00.xls,2025-07-02 00:40:00+00:00,reversal_after_alert,73.0,72.7255859375,0.005533854166666667,0.005533854166666667,66.66666666666666,5.0,73.0,79.0
SiSensingCGM-AA2408NCDF-01.21.00.00(1).xls,2025-01-14 13:10:00+00:00,near_miss_70_80,100.0,47.06958007812501,-2.028271484375,-2.028271484375,100.0,5.720823486328125,77.0,77.0
SiSensingCGM-AA2408NCDF-01.21.00.00(1).xls,2025-01-15 02:10:00+00:00,reversal_after_alert,75.0,73.2978515625,-0.41619466145833334,-0.2864664713541667,83.33333333333334,5.0,72.0,75.0
SiSensingCGM-AA2408NCDF-01.21.00.00(1).xls,2025-01-15 18:15:00+00:00,near_miss_70_80,81.0,62.48779296875,-0.69404296875,-0.7095052083333333,100.0,5.0,77.0,79.0
SiSensingCGM-AA2408NCDF-01.21.00.00(1).xls,2025-01-16 22:45:00+00:00,persistent_but_no_hypo,91.0,64.8515625,-0.9796875,-0.9796875,75.0,5.0,99.0,104.0
SiSensingCGM-AA2408NCDF-01.21.00.00(1).xls,2025-01-17 08:15:00+00:00,reversal_after_alert,72.0,63.013671875,-0.52724609375,-0.446728515625,75.0,5.0,72.0,81.0
SiSensingCGM-AA2408NCDF-01.21.00.00(1).xls,2025-01-19 05:40:00+00:00,reversal_after_alert,79.0,63.173583984375,-0.5835123697916667,-0.5835123697916667,83.33333333333334,5.0,77.0,90.0
SiSensingCGM-AA2408NCDF-01.21.00.00(1).xls,2025-01-19 07:35:00+00:00,reversal_after_alert,72.0,65.2431640625,-0.11591796875,-0.185888671875,83.33333333333334,5.0,82.0,138.0
SiSensingCGM-AA2408NCDF-01.21.00.00(1).xls,2025-01-20 00:35:00+00:00,near_miss_70_80,79.0,67.105712890625,-0.539794921875,-0.539794921875,100.0,5.0,79.0,79.0
SiSensingCGM-AA2408NCDF-01.21.00.00(1).xls,2025-08-01 00:35:00+00:00,near_miss_70_80,86.0,63.09423828125,-0.9196940104166667,-0.9196940104166667,91.66666666666666,5.0,72.0,72.0
SiSensingCGM-AA2408NCDF-01.21.00.00(1).xls,2025-08-01 05:00:00+00:00,reversal_after_alert,72.0,72.2236328125,-0.018033854166666665,0.01569010416666667,41.66666666666667,5.0,73.0,135.0
SiSensingCGM-AA2408NCDF-01.21.00.00(1).xls,2025-08-01 13:05:00+00:00,reversal_after_alert,79.0,64.55859375,-0.501171875,-0.5219401041666667,75.0,5.0,75.0,81.0
SiSensingCGM-AA2408NCDF-01.21.00.00(1).xls,2025-08-01 13:30:00+00:00,reversal_after_alert,75.0,68.822265625,-0.2610677083333333,-0.24361979166666664,91.66666666666666,5.0,81.0,90.0
SiSensingCGM-AA2408NCDF-01.21.00.00(1).xls,2025-12-01 02:30:00+00:00,near_miss_70_80,72.0,61.9970703125,-0.26678059895833334,-0.33343912760416666,100.0,5.0,72.0,72.0
SiSensingCGM-AA2408NCDF-01.21.00.00(1).xls,2025-12-01 02:50:00+00:00,near_miss_70_80,72.0,72.755859375,-0.003938802083333333,0.010628255208333333,66.66666666666666,5.0,72.0,72.0
SiSensingCGM-AA2408NCDF-01.21.00.00.xls,2025-01-14 13:10:00+00:00,near_miss_70_80,100.0,47.06958007812501,-2.028271484375,-2.028271484375,100.0,5.720823486328125,77.0,77.0
SiSensingCGM-AA2408NCDF-01.21.00.00.xls,2025-01-15 02:10:00+00:00,reversal_after_alert,75.0,73.2978515625,-0.41619466145833334,-0.2864664713541667,83.33333333333334,5.0,72.0,75.0
SiSensingCGM-AA2408NCDF-01.21.00.00.xls,2025-01-15 18:15:00+00:00,near_miss_70_80,81.0,62.48779296875,-0.69404296875,-0.7095052083333333,100.0,5.0,77.0,79.0
SiSensingCGM-AA2408NCDF-01.21.00.00.xls,2025-01-16 22:45:00+00:00,persistent_but_no_hypo,91.0,64.8515625,-0.9796875,-0.9796875,75.0,5.0,99.0,104.0
SiSensingCGM-AA2408NCDF-01.21.00.00.xls,2025-01-17 08:15:00+00:00,reversal_after_alert,72.0,63.013671875,-0.52724609375,-0.446728515625,75.0,5.0,72.0,81.0
SiSensingCGM-AA2408NCDF-01.21.00.00.xls,2025-01-19 05:40:00+00:00,reversal_after_alert,79.0,63.173583984375,-0.5835123697916667,-0.5835123697916667,83.33333333333334,5.0,77.0,90.0
SiSensingCGM-AA2408NCDF-01.21.00.00.xls,2025-01-19 07:35:00+00:00,reversal_after_alert,72.0,65.2431640625,-0.11591796875,-0.185888671875,83.33333333333334,5.0,82.0,138.0
SiSensingCGM-AA2408NCDF-01.21.00.00.xls,2025-01-20 00:35:00+00:00,near_miss_70_80,79.0,67.105712890625,-0.539794921875,-0.539794921875,100.0,5.0,79.0,79.0
SiSensingCGM-AA2408NCDF-01.21.00.00.xls,2025-08-01 00:35:00+00:00,near_miss_70_80,86.0,63.09423828125,-0.9196940104166667,-0.9196940104166667,91.66666666666666,5.0,72.0,72.0
SiSensingCGM-AA2408NCDF-01.21.00.00.xls,2025-08-01 05:00:00+00:00,reversal_after_alert,72.0,72.2236328125,-0.018033854166666665,0.01569010416666667,41.66666666666667,5.0,73.0,135.0
SiSensingCGM-AA2408NCDF-01.21.00.00.xls,2025-08-01 13:05:00+00:00,reversal_after_alert,79.0,64.55859375,-0.501171875,-0.5219401041666667,75.0,5.0,75.0,81.0
SiSensingCGM-AA2408NCDF-01.21.00.00.xls,2025-08-01 13:30:00+00:00,reversal_after_alert,75.0,68.822265625,-0.2610677083333333,-0.24361979166666664,91.66666666666666,5.0,81.0,90.0
SiSensingCGM-AA2408NCDF-01.21.00.00.xls,2025-12-01 02:30:00+00:00,near_miss_70_80,72.0,61.9970703125,-0.26678059895833334,-0.33343912760416666,100.0,5.0,72.0,72.0
SiSensingCGM-AA2408NCDF-01.21.00.00.xls,2025-12-01 02:50:00+00:00,near_miss_70_80,72.0,72.755859375,-0.003938802083333333,0.010628255208333333,66.66666666666666,5.0,72.0,72.0
SiSensingCGM-AA2408NBKT-01.21.00.00.xls,2024-12-18 19:10:00+00:00,reversal_after_alert,90.0,64.375732421875,-1.032666015625,-1.032666015625,100.0,5.0,86.0,100.0
SiSensingCGM-AA2408NBKT-01.21.00.00.xls,2024-12-19 02:55:00+00:00,reversal_after_alert,72.0,37.572265625,-1.0166341145833333,-1.1154459635416667,83.33333333333334,11.004999072265631,77.0,117.0
SiSensingCGM-AA2408NBKT-01.21.00.00.xls,2024-12-19 06:10:00+00:00,flat_or_slow_recovery,86.0,71.1669921875,-0.7478515625,-0.7478515625,41.66666666666667,8.122447265625,81.0,82.0
SiSensingCGM-AA2408NBKT-01.21.00.00.xls,2024-12-19 21:35:00+00:00,reversal_after_alert,117.0,50.65673828125,-2.54052734375,-2.54052734375,75.0,6.531258398437499,99.0,117.0
SiSensingCGM-AA2408NBKT-01.21.00.00.xls,2024-12-21 07:25:00+00:00,reversal_after_alert,82.0,64.748779296875,-0.670556640625,-0.670556640625,100.0,5.0,115.0,138.0
SiSensingCGM-AA2408NBKT-01.21.00.00.xls,2024-12-21 19:35:00+00:00,persistent_but_no_hypo,104.0,56.14453125,-1.9666015625,-1.89755859375,100.0,5.0,81.0,81.0
SiSensingCGM-AA2408NBKT-01.21.00.00.xls,2024-12-22 05:05:00+00:00,near_miss_70_80,77.0,67.544921875,-0.37880859375,-0.380322265625,83.33333333333334,5.0,72.0,73.0
SiSensingCGM-AA2408NBKT-01.21.00.00.xls,2024-12-22 17:40:00+00:00,reversal_after_alert,108.0,62.041015625,-1.7626302083333334,-1.7626302083333334,91.66666666666666,5.0,99.0,100.0
SiSensingCGM-AA2408NBKT-01.21.00.00.xls,2024-12-22 21:05:00+00:00,reversal_after_alert,115.0,59.56738281249999,-2.072379557291667,-2.1100667317708335,91.66666666666666,5.0,117.0,133.0
SiSensingCGM-AA2408NBKT-01.21.00.00.xls,2024-12-22 23:05:00+00:00,persistent_but_no_hypo,91.0,61.83740234375,-1.09814453125,-1.09814453125,100.0,5.0,86.0,88.0
SiSensingCGM-AA2408NBKT-01.21.00.00.xls,2024-12-23 04:00:00+00:00,reversal_after_alert,72.0,98.87939453125,0.92900390625,0.92900390625,75.0,6.026682128906249,72.0,82.0
SiSensingCGM-AA2408NBKT-01.21.00.00.xls,2024-12-26 09:00:00+00:00,reversal_after_alert,79.0,65.7919921875,-0.6080891927083333,-0.6075113932291667,41.66666666666667,5.0,90.0,108.0
SiSensingCGM-AA2408NBKT-01.21.00.00.xls,2024-12-28 13:40:00+00:00,persistent_but_no_hypo,113.0,63.08349609375,-1.8072591145833334,-1.8072591145833334,91.66666666666666,7.57443544921875,91.0,91.0
SiSensingCGM-AA2408NBKT-01.21.00.00.xls,2024-12-28 18:35:00+00:00,near_miss_70_80,93.0,64.968408203125,-1.0939615885416667,-1.083955078125,100.0,5.0,77.0,77.0
SiSensingCGM-AA2408NBKT-01.21.00.00.xls,2024-12-28 19:10:00+00:00,reversal_after_alert,72.0,59.002880859375,-0.5345865885416666,-0.56666015625,100.0,5.0,72.0,84.0
SiSensingCGM-AA2408NBKT-01.21.00.00.xls,2024-12-31 14:05:00+00:00,flat_or_slow_recovery,91.0,65.93798828125,-0.9509440104166667,-0.9509440104166667,66.66666666666666,5.0,90.0,90.0
SiSensingCGM-AA2408NBKT-01.21.00.00.xls,2024-12-31 18:20:00+00:00,near_miss_70_80,104.0,59.572509765625,-1.758935546875,-1.758935546875,91.66666666666666,5.0,79.0,79.0
SiSensingCGM-AA2408NBKT-01.21.00.00.xls,2024-12-31 19:25:00+00:00,reversal_after_alert,72.0,57.9541015625,-0.290673828125,-0.4127685546875,91.66666666666666,5.0,73.0,99.0
SiSensingCGM-AA2408NBKT-01.21.00.00.xls,2025-01-01 04:30:00+00:00,reversal_after_alert,79.0,62.748046875,-0.92646484375,-0.917431640625,91.66666666666666,7.67144150390625,79.0,102.0
SiSensingCGM-AA2408NBKT-01.21.00.00.xls,2025-01-01 08:05:00+00:00,near_miss_70_80,75.0,68.091796875,-0.22747395833333334,-0.22747395833333334,58.333333333333336,5.0,72.0,73.0
SiSensingCGM-AA2408NBKT-01.21.00.00.xls,2025-01-01 08:40:00+00:00,near_miss_70_80,72.0,70.2939453125,-0.07662760416666667,-0.07662760416666667,58.333333333333336,5.0,72.0,72.0
SiSensingCGM-AA240312AF-01.21.00.00.xls,2024-02-11 07:50:00+00:00,persistent_but_no_hypo,84.0,73.7685546875,-0.692333984375,-0.6000244140625,100.0,5.92967607421875,81.0,81.0
SiSensingCGM-AA240312AF-01.21.00.00.xls,2024-02-11 11:10:00+00:00,reversal_after_alert,122.0,66.3837890625,-2.0836588541666665,-2.0836588541666665,100.0,5.0,93.0,99.0
SiSensingCGM-AA240312AF-01.21.00.00.xls,2024-02-11 11:50:00+00:00,near_miss_70_80,82.0,66.818212890625,-0.6271321614583333,-0.66990234375,91.66666666666666,5.0,79.0,81.0
SiSensingCGM-AA240312AF-01.21.00.00.xls,2024-03-11 04:10:00+00:00,reversal_after_alert,84.0,69.6376953125,-0.6078776041666667,-0.6078776041666667,83.33333333333334,5.0,82.0,97.0
SiSensingCGM-AA240312AF-01.21.00.00.xls,2024-10-21 20:50:00+00:00,persistent_but_no_hypo,176.0,61.6162109375,-3.516341145833333,-3.516341145833333,83.33333333333334,18.653636914062528,88.0,88.0
SiSensingCGM-AA240312AF-01.21.00.00.xls,2024-10-21 21:20:00+00:00,reversal_after_alert,88.0,20.0,-5.141422526041667,-5.141422526041667,66.66666666666666,14.391765185546888,86.0,212.0
SiSensingCGM-AA240312AF-01.21.00.00.xls,2024-10-22 04:40:00+00:00,reversal_after_alert,88.0,61.180908203125,-1.1268391927083334,-1.1268391927083334,83.33333333333334,5.0,102.0,109.0
SiSensingCGM-AA240312AF-01.21.00.00.xls,2024-10-22 23:55:00+00:00,reversal_after_alert,106.0,29.962646484375,-2.909033203125,-2.909033203125,83.33333333333334,18.331610595703125,99.0,135.0
SiSensingCGM-AA240312AF-01.21.00.00.xls,2024-10-23 02:15:00+00:00,reversal_after_alert,88.0,20.0,-3.072021484375,-3.072021484375,91.66666666666666,16.72340947265625,84.0,91.0
SiSensingCGM-AA240312AF-01.21.00.00.xls,2024-10-23 05:10:00+00:00,reversal_after_alert,100.0,21.42724609375,-3.0718424479166666,-3.0718424479166666,58.333333333333336,5.512936132812485,99.0,153.0
SiSensingCGM-AA240312AF-01.21.00.00.xls,2024-10-23 21:45:00+00:00,reversal_after_alert,91.0,65.0146484375,-1.0199869791666667,-1.0199869791666667,58.333333333333336,5.0,90.0,97.0
SiSensingCGM-AA240312AF-01.21.00.00.xls,2024-10-24 23:20:00+00:00,near_miss_70_80,86.0,55.68212890625,-1.27294921875,-1.27294921875,100.0,5.128290234375,79.0,79.0
SiSensingCGM-AA240312AF-01.21.00.00.xls,2024-10-26 20:50:00+00:00,near_miss_70_80,111.0,63.731689453125,-1.8250162760416666,-1.8250162760416666,91.66666666666666,5.0,79.0,79.0
SiSensingCGM-AA240312AF-01.21.00.00.xls,2024-10-26 21:10:00+00:00,near_miss_70_80,86.0,53.21801757812499,-1.27919921875,-1.2936279296875002,100.0,5.0,72.0,73.0
SiSensingCGM-AA240312AF-01.21.00.00.xls,2024-10-26 23:20:00+00:00,reversal_after_alert,88.0,62.70849609375,-1.0822591145833333,-1.0822591145833333,50.0,10.461934082031242,84.0,135.0
SiSensingCGM-AA240312AF-01.21.00.00.xls,2024-10-28 12:15:00+00:00,near_miss_70_80,93.0,60.918701171875,-1.2758626302083333,-1.2795572916666667,100.0,5.0,73.0,73.0
SiSensingCGM-AA240312AF-01.21.00.00.xls,2024-10-28 12:50:00+00:00,near_miss_70_80,72.0,57.444091796875,-0.5580403645833333,-0.5583902994791666,100.0,5.0,72.0,77.0
SiSensingCGM-AA240312AF-01.21.00.00.xls,2024-10-28 23:40:00+00:00,near_miss_70_80,72.0,84.64892578125,0.47457682291666664,0.47457682291666664,50.0,5.0,72.0,73.0
SiSensingCGM-AA240312AF-01.21.00.00.xls,2024-10-29 00:00:00+00:00,near_miss_70_80,72.0,72.860595703125,0.025764973958333333,0.025764973958333333,41.66666666666667,5.0,73.0,73.0
SiSensingCGM-AA240312AF-01.21.00.00.xls,2024-10-31 18:35:00+00:00,reversal_after_alert,154.0,20.0,-5.179459635416666,-5.179459635416666,66.66666666666666,28.62619716796879,140.0,158.0
SiSensingCGM-AA240312AT-01.21.00.00.xls,2024-09-13 07:00:00+00:00,reversal_after_alert,72.0,72.76416015625,0.009993489583333333,0.03570963541666666,33.33333333333333,5.0,72.0,99.0
SiSensingCGM-AA240312AT-01.21.00.00.xls,2024-09-13 18:20:00+00:00,flat_or_slow_recovery,133.0,27.921142578125,-4.207958984375,-4.207958984375,66.66666666666666,5.871400048828125,91.0,93.0
SiSensingCGM-AA240312AT-01.21.00.00.xls,2024-09-14 00:55:00+00:00,reversal_after_alert,86.0,77.89599609375,-0.44475911458333334,-0.44475911458333334,41.66666666666667,5.266801367187507,86.0,91.0
SiSensingCGM-AA240312AT-01.21.00.00.xls,2024-09-14 23:25:00+00:00,persistent_but_no_hypo,95.0,49.452392578125,-1.7683756510416666,-1.7683756510416666,100.0,5.0,88.0,93.0
SiSensingCGM-AA240312AT-01.21.00.00.xls,2024-09-15 22:25:00+00:00,persistent_but_no_hypo,95.0,67.8291015625,-1.0112630208333333,-1.0112630208333333,91.66666666666666,5.0,91.0,91.0
SiSensingCGM-AA240312AT-01.21.00.00.xls,2024-09-18 04:10:00+00:00,near_miss_70_80,91.0,46.08349609375,-1.8072591145833334,-1.8072591145833334,83.33333333333334,5.0,77.0,77.0
SiSensingCGM-AA240312AT-01.21.00.00.xls,2024-09-18 04:50:00+00:00,reversal_after_alert,75.0,62.082275390625,-0.37412109375,-0.4001708984375,91.66666666666666,5.0,90.0,122.0
SiSensingCGM-AA240312AT-01.21.00.00.xls,2024-09-18 12:50:00+00:00,persistent_but_no_hypo,124.0,58.98291015625,-2.554459635416667,-2.554459635416667,100.0,5.0,82.0,82.0
SiSensingCGM-AA240312AT-01.21.00.00.xls,2024-09-18 18:15:00+00:00,persistent_but_no_hypo,131.0,52.88525390625,-2.9177897135416666,-3.0170003255208333,83.33333333333334,5.0,111.0,115.0
SiSensingCGM-AA240312AT-01.21.00.00.xls,2024-09-18 20:25:00+00:00,reversal_after_alert,90.0,65.19580078125,-0.98271484375,-0.98271484375,75.0,5.0,84.0,97.0
SiSensingCGM-AA240312AT-01.21.00.00.xls,2024-09-19 11:20:00+00:00,near_miss_70_80,88.0,66.25634765625,-0.815576171875,-0.8354248046874999,100.0,5.0,75.0,77.0
SiSensingCGM-AA240312AT-01.21.00.00.xls,2024-09-19 11:40:00+00:00,reversal_after_alert,79.0,68.52734375,-0.3961588541666667,-0.43929036458333337,100.0,5.0,73.0,79.0
SiSensingCGM-AA240312AT-01.21.00.00.xls,2024-09-19 12:45:00+00:00,reversal_after_alert,86.0,83.294921875,-0.26630859375,-0.261572265625,41.66666666666667,9.352035205078124,81.0,100.0
SiSensingCGM-AA240312AT-01.21.00.00.xls,2024-09-21 04:15:00+00:00,near_miss_70_80,97.0,64.948486328125,-1.227490234375,-1.227490234375,100.0,5.0,73.0,73.0
SiSensingCGM-AA240312AT-01.21.00.00.xls,2024-09-22 21:10:00+00:00,persistent_but_no_hypo,90.0,69.3935546875,-0.7902506510416667,-0.8052327473958334,100.0,5.0,81.0,81.0
SiSensingCGM-AA240312AT-01.21.00.00.xls,2024-09-24 20:15:00+00:00,persistent_but_no_hypo,95.0,57.947509765625,-1.483935546875,-1.483935546875,100.0,5.0,86.0,86.0
SiSensingCGM-AA240312AT-01.21.00.00.xls,2024-11-09 17:50:00+00:00,near_miss_70_80,113.0,59.125,-2.15625,-2.159375,100.0,5.0,73.0,73.0
SiSensingCGM-AA240312AT-01.21.00.00.xls,2024-11-09 20:15:00+00:00,reversal_after_alert,72.0,65.17333984375,-0.28095703125,-0.28095703125,58.333333333333336,5.0,73.0,77.0
SiSensingCGM-AA240307VW-01.21.00.00.xls,2024-07-15 05:10:00+00:00,reversal_after_alert,84.0,45.95214843749999,-1.5463053385416667,-1.5072835286458335,83.33333333333334,5.0,97.0,97.0
SiSensingCGM-AA240307VW-01.21.00.00.xls,2024-07-15 06:30:00+00:00,reversal_after_alert,75.0,56.294921875,-0.953515625,-0.953515625,66.66666666666666,7.068411328124999,72.0,81.0
SiSensingCGM-AA240307VW-01.21.00.00.xls,2024-07-15 16:15:00+00:00,persistent_but_no_hypo,95.0,69.86767578125,-0.8816731770833334,-0.8816731770833334,100.0,5.0,84.0,84.0
SiSensingCGM-AA240307VW-01.21.00.00.xls,2024-07-15 17:05:00+00:00,reversal_after_alert,77.0,64.89306640625,-0.48076171875,-0.48076171875,83.33333333333334,5.0,73.0,100.0
SiSensingCGM-AA240307VW-01.21.00.00.xls,2024-07-16 05:15:00+00:00,reversal_after_alert,82.0,80.390869140625,-0.3446451822916667,-0.244921875,83.33333333333334,5.0,79.0,91.0
SiSensingCGM-AA240307VW-01.21.00.00.xls,2024-07-16 15:45:00+00:00,reversal_after_alert,106.0,40.814453125,-2.5912760416666667,-2.5912760416666667,91.66666666666666,5.0,93.0,118.0
SiSensingCGM-AA240307VW-01.21.00.00.xls,2024-07-16 17:50:00+00:00,persistent_but_no_hypo,90.0,56.2314453125,-1.3557942708333333,-1.3557942708333333,83.33333333333334,6.757605859374992,86.0,88.0
SiSensingCGM-AA240307VW-01.21.00.00.xls,2024-07-17 00:55:00+00:00,reversal_after_alert,75.0,62.93359375,-0.6581380208333333,-0.5968424479166666,83.33333333333334,5.0,72.0,77.0
SiSensingCGM-AA240307VW-01.21.00.00.xls,2024-07-17 09:05:00+00:00,reversal_after_alert,82.0,66.802490234375,-0.566064453125,-0.566064453125,91.66666666666666,5.0,86.0,91.0
SiSensingCGM-AA240307VW-01.21.00.00.xls,2024-07-18 07:45:00+00:00,reversal_after_alert,72.0,78.5390625,0.22447916666666667,0.22447916666666667,25.0,5.0,73.0,109.0
SiSensingCGM-AA240307VW-01.21.00.00.xls,2024-07-18 14:10:00+00:00,reversal_after_alert,120.0,61.154296875,-2.27177734375,-2.266650390625,100.0,5.0,115.0,124.0
SiSensingCGM-AA240307VW-01.21.00.00.xls,2024-07-19 08:35:00+00:00,persistent_but_no_hypo,99.0,67.470703125,-1.0928059895833333,-1.1718912760416667,100.0,5.0,81.0,81.0
SiSensingCGM-AA240307VW-01.21.00.00.xls,2024-07-19 11:15:00+00:00,persistent_but_no_hypo,108.0,65.1591796875,-1.599365234375,-1.6136962890625,91.66666666666666,5.0,97.0,99.0
SiSensingCGM-AA240307VW-01.21.00.00.xls,2024-07-19 20:15:00+00:00,reversal_after_alert,95.0,66.8037109375,-1.0788411458333333,-1.0788411458333333,100.0,5.0,93.0,99.0
SiSensingCGM-AA240307VW-01.21.00.00.xls,2024-07-20 20:05:00+00:00,reversal_after_alert,129.0,66.966796875,-2.36240234375,-2.365087890625,75.0,7.93060693359375,129.0,131.0
SiSensingCGM-AA240307VW-01.21.00.00.xls,2024-07-21 09:55:00+00:00,reversal_after_alert,72.0,53.38525390625,-0.5656575520833333,-0.5656575520833333,66.66666666666666,7.158419433593757,73.0,90.0
SiSensingCGM-AA240307VW-01.21.00.00.xls,2024-07-21 18:40:00+00:00,reversal_after_alert,84.0,65.114013671875,-0.8266764322916667,-0.8266764322916667,91.66666666666666,5.0,82.0,127.0
SiSensingCGM-AA240307VW-01.21.00.00.xls,2024-07-21 22:00:00+00:00,near_miss_70_80,104.0,61.49169921875,-1.67978515625,-1.67978515625,50.0,5.0,73.0,73.0
SiSensingCGM-AA240307VW-01.21.00.00.xls,2024-07-22 00:20:00+00:00,near_miss_70_80,75.0,80.63232421875,0.24189453125,0.23359375,8.333333333333332,5.0,73.0,77.0
SiSensingCGM-AA240307VW-01.21.00.00.xls,2024-07-22 10:55:00+00:00,near_miss_70_80,90.0,53.995849609375,-1.4565592447916667,-1.4565592447916667,100.0,5.0,77.0,77.0
SiSensingCGM-AA240307VW-01.21.00.00.xls,2024-07-23 03:10:00+00:00,reversal_after_alert,72.0,75.78857421875,0.14625651041666668,0.14625651041666668,50.0,5.0,72.0,81.0
SiSensingCGM-AA240307VW-01.21.00.00.xls,2024-07-26 01:40:00+00:00,near_miss_70_80,72.0,48.483642578125,-0.8287923177083333,-0.8287923177083333,100.0,5.0,73.0,73.0
SiSensingCGM-AA240307VW-01.21.00.00.xls,2024-07-26 02:00:00+00:00,near_miss_70_80,73.0,72.72705078125,-0.009798177083333333,-0.009798177083333333,100.0,5.0,72.0,73.0
SiSensingCGM-AA240307VW-01.21.00.00.xls,2024-07-26 02:15:00+00:00,reversal_after_alert,72.0,72.224609375,-0.017578125,-0.017578125,91.66666666666666,5.0,73.0,81.0
SiSensingCGM-AA240307VW-01.21.00.00.xls,2024-07-26 20:00:00+00:00,near_miss_70_80,111.0,42.945556640625,-2.7301595052083334,-2.7301595052083334,91.66666666666666,5.0,77.0,77.0
SiSensingCGM-AA240307VW-01.21.00.00.xls,2024-07-26 20:20:00+00:00,reversal_after_alert,86.0,44.267822265625,-1.6365397135416666,-1.6365397135416666,100.0,5.0,77.0,82.0
SiSensingCGM-AA240307VW-01.21.00.00.xls,2024-07-26 21:40:00+00:00,near_miss_70_80,84.0,71.95703125,-0.6572265625,-0.59599609375,33.33333333333333,5.90071904296875,79.0,79.0
SiSensingCGM-AA240307VW-01.21.00.00.xls,2024-07-27 00:00:00+00:00,near_miss_70_80,77.0,69.31982421875,-0.30934244791666665,-0.3066731770833333,41.66666666666667,5.0,75.0,75.0
SiSensingCGM-AA240307VW-01.21.00.00.xls,2024-07-27 00:30:00+00:00,persistent_but_no_hypo,75.0,69.462890625,-0.21533203125,-0.199951171875,75.0,5.0,81.0,84.0
SiSensingCGM-AA240307VW-01.21.00.00.xls,2024-07-27 16:15:00+00:00,persistent_but_no_hypo,122.0,63.333984375,-2.2290364583333333,-2.2290364583333333,75.0,5.0,120.0,122.0
SiSensingCGM-AA2503VLU5-01.21.00.00.xls,2026-08-01 22:15:00+00:00,reversal_after_alert,153.0,24.85546875,-4.820572916666666,-4.820572916666666,66.66666666666666,20.451385937500014,201.0,225.0
SiSensingCGM-AA2503VLU5-01.21.00.00.xls,2026-08-02 22:25:00+00:00,reversal_after_alert,115.0,20.0,-4.650472005208333,-4.650472005208333,100.0,15.574297949218721,106.0,140.0
SiSensingCGM-AA2503VLU5-01.21.00.00.xls,2026-08-03 09:55:00+00:00,near_miss_70_80,88.0,68.137451171875,-0.805322265625,-0.805322265625,75.0,5.0,75.0,75.0
SiSensingCGM-AA2503VLU5-01.21.00.00.xls,2026-08-03 10:30:00+00:00,reversal_after_alert,77.0,61.641845703125,-0.551318359375,-0.551318359375,100.0,5.0,77.0,118.0
SiSensingCGM-AA2503VLU5-01.21.00.00.xls,2026-08-03 16:00:00+00:00,reversal_after_alert,97.0,52.197265625,-1.7313802083333334,-1.7313802083333334,100.0,5.0,90.0,104.0
SiSensingCGM-AA2503VLU5-01.21.00.00.xls,2026-08-04 03:35:00+00:00,reversal_after_alert,90.0,89.38232421875,-0.13499348958333332,-0.13499348958333332,16.666666666666664,5.0,88.0,111.0
SiSensingCGM-AA2503VLU5-01.21.00.00.xls,2026-08-04 09:25:00+00:00,reversal_after_alert,109.0,40.833984375,-2.778678385416667,-2.7087727864583333,100.0,6.4766020019531245,102.0,149.0
SiSensingCGM-AA2503VLU5-01.21.00.00.xls,2026-08-05 10:55:00+00:00,reversal_after_alert,91.0,35.800048828125,-2.207177734375,-2.207177734375,83.33333333333334,5.0,79.0,79.0
SiSensingCGM-AA2503VLU5-01.21.00.00.xls,2026-08-06 07:50:00+00:00,near_miss_70_80,95.0,66.0208740234375,-1.1324055989583333,-1.1373331705729166,100.0,5.0,72.0,72.0
SiSensingCGM-AA2503VLU5-01.21.00.00.xls,2026-08-06 14:40:00+00:00,persistent_but_no_hypo,149.0,63.53515625,-3.26796875,-3.26796875,91.66666666666666,5.0,109.0,109.0
SiSensingCGM-AA2503VLU5-01.21.00.00.xls,2026-08-07 03:30:00+00:00,flat_or_slow_recovery,90.0,69.86328125,-0.8356770833333333,-0.8356770833333333,50.0,5.0,90.0,90.0
SiSensingCGM-AA2503VLU5-01.21.00.00.xls,2026-08-07 11:00:00+00:00,persistent_but_no_hypo,131.0,48.687744140625,-3.0094889322916667,-3.1015625,91.66666666666666,5.907234375,118.0,118.0
SiSensingCGM-AA2503VLU5-01.21.00.00.xls,2026-08-09 09:45:00+00:00,near_miss_70_80,75.0,68.6462890625,-0.3048828125,-0.300234375,83.33333333333334,5.0,72.0,72.0
SiSensingCGM-AA2503VLU5-01.21.00.00.xls,2026-08-11 10:00:00+00:00,reversal_after_alert,90.0,62.433349609375,-1.102392578125,-1.102392578125,100.0,5.0,86.0,135.0
SiSensingCGM-AA2503VLU5-01.21.00.00.xls,2026-08-12 17:05:00+00:00,reversal_after_alert,93.0,64.4453125,-1.0609375,-1.0609375,58.333333333333336,5.0,95.0,135.0
SiSensingCGM-AA25083W5T-01.21.00.00.xls,2026-06-03 23:15:00+00:00,reversal_after_alert,99.0,51.193359375,-1.79140625,-1.8072265625,100.0,5.0,100.0,106.0
SiSensingCGM-AA25083W5T-01.21.00.00.xls,2026-06-04 02:40:00+00:00,reversal_after_alert,72.0,50.855712890625,-0.9231282552083333,-0.9231282552083333,83.33333333333334,6.843149755859382,86.0,122.0
SiSensingCGM-AA25083W5T-01.21.00.00.xls,2026-06-05 05:30:00+00:00,reversal_after_alert,95.0,22.1923828125,-2.813606770833333,-2.813606770833333,83.33333333333334,6.233000976562457,142.0,142.0
SiSensingCGM-AA25083W5T-01.21.00.00.xls,2026-06-05 20:05:00+00:00,reversal_after_alert,72.0,67.001953125,-0.06103515625,-0.113818359375,91.66666666666666,5.0,75.0,100.0
SiSensingCGM-AA25083W5T-01.21.00.00.xls,2026-06-08 02:20:00+00:00,reversal_after_alert,86.0,83.2275390625,-0.41892903645833335,-0.28900553385416666,91.66666666666666,5.0,81.0,100.0
SiSensingCGM-AA25083W5T-01.21.00.00.xls,2026-06-08 21:40:00+00:00,reversal_after_alert,79.0,68.48095703125,-0.50068359375,-0.50068359375,33.33333333333333,5.0,73.0,73.0
SiSensingCGM-AA25083W5T-01.21.00.00.xls,2026-06-08 22:05:00+00:00,reversal_after_alert,73.0,68.30078125,-0.08274739583333333,-0.21969401041666667,66.66666666666666,5.0,73.0,84.0
SiSensingCGM-AA25083W5T-01.21.00.00.xls,2026-06-09 17:55:00+00:00,persistent_but_no_hypo,91.0,63.58740234375,-1.0148111979166667,-1.0148111979166667,91.66666666666666,5.0,84.0,84.0
SiSensingCGM-AA25083W5T-01.21.00.00.xls,2026-06-09 21:40:00+00:00,near_miss_70_80,72.0,60.064453125,-0.39749348958333336,-0.3976725260416667,83.33333333333334,5.0,75.0,77.0
SiSensingCGM-AA25083W5T-01.21.00.00.xls,2026-06-10 21:25:00+00:00,near_miss_70_80,93.0,62.3359375,-1.148046875,-1.1517578125,100.0,5.0,75.0,75.0
SiSensingCGM-AA25083W5T-01.21.00.00.xls,2026-06-10 22:25:00+00:00,near_miss_70_80,72.0,63.1875,-0.14270833333333333,-0.21822916666666667,83.33333333333334,5.0,79.0,82.0
SiSensingCGM-AA25083W5T-01.21.00.00.xls,2026-06-11 08:30:00+00:00,near_miss_70_80,82.0,59.9423828125,-0.9496419270833333,-0.9316569010416667,100.0,5.0,72.0,72.0
SiSensingCGM-AA25083W5T-01.21.00.00.xls,2026-06-11 20:05:00+00:00,persistent_but_no_hypo,160.0,32.2392578125,-5.235139973958334,-5.046915690104167,83.33333333333334,5.234827978515638,127.0,127.0
SiSensingCGM-AA25083W5T-01.21.00.00.xls,2026-06-11 20:50:00+00:00,near_miss_70_80,108.0,67.84765625,-1.4392578125,-1.42216796875,100.0,7.577331152343749,73.0,73.0
SiSensingCGM-AA25083W5T-01.21.00.00.xls,2026-06-11 23:15:00+00:00,near_miss_70_80,75.0,86.744140625,0.49560546875,0.460205078125,66.66666666666666,5.0,77.0,79.0
SiSensingCGM-AA25083W5T-01.21.00.00.xls,2026-06-12 21:45:00+00:00,persistent_but_no_hypo,88.0,79.8310546875,-0.47879231770833336,-0.45887858072916665,75.0,5.320733837890632,84.0,88.0
SiSensingCGM-AA25083W5T-01.21.00.00.xls,2026-06-13 18:15:00+00:00,flat_or_slow_recovery,108.0,68.21728515625,-1.39462890625,-1.43046875,66.66666666666666,5.25280546875,95.0,95.0
SiSensingCGM-AA2410BZYA-01.21.00.00.xls,2026-05-23 20:20:00+00:00,near_miss_70_80,75.0,65.087158203125,-0.412255859375,-0.412255859375,33.33333333333333,5.0,77.0,81.0
SiSensingCGM-AA2410BZYA-01.21.00.00.xls,2026-05-23 22:35:00+00:00,reversal_after_alert,86.0,70.78955078125,-0.66396484375,-0.66396484375,50.0,5.0,77.0,90.0
SiSensingCGM-AA2410BZYA-01.21.00.00.xls,2026-05-24 11:50:00+00:00,near_miss_70_80,86.0,49.44970703125,-1.5736002604166666,-1.5736002604166666,91.66666666666666,6.713205078124986,73.0,73.0
SiSensingCGM-AA2410BZYA-01.21.00.00.xls,2026-05-25 01:45:00+00:00,near_miss_70_80,79.0,69.607421875,-0.36526692708333336,-0.3391764322916667,100.0,5.0,72.0,72.0
SiSensingCGM-AA2410BZYA-01.21.00.00.xls,2026-05-26 13:00:00+00:00,persistent_but_no_hypo,133.0,48.57700195312499,-3.212451171875,-3.238798828125,100.0,9.227737148437448,111.0,111.0
SiSensingCGM-AA2410BZYA-01.21.00.00.xls,2026-05-26 16:05:00+00:00,reversal_after_alert,102.0,42.990478515625,-2.3336751302083334,-2.3336751302083334,75.0,7.405398779296875,97.0,111.0
SiSensingCGM-AA2410BZYA-01.21.00.00.xls,2026-05-26 17:40:00+00:00,reversal_after_alert,90.0,45.23486328125,-1.7915690104166666,-1.7915690104166666,41.66666666666667,5.0,91.0,102.0
SiSensingCGM-AA2410BZYA-01.21.00.00.xls,2026-05-26 18:35:00+00:00,reversal_after_alert,88.0,76.005126953125,-0.553662109375,-0.553662109375,50.0,5.0,88.0,93.0
SiSensingCGM-AA2410BZYA-01.21.00.00.xls,2026-05-27 17:20:00+00:00,reversal_after_alert,75.0,61.36376953125,-0.5407877604166667,-0.5407877604166667,91.66666666666666,5.0,75.0,97.0
SiSensingCGM-AA2410BZYA-01.21.00.00.xls,2026-05-28 08:05:00+00:00,persistent_but_no_hypo,84.0,55.05859375000001,-1.2310546875,-1.2145507812499998,91.66666666666666,5.0,81.0,84.0
SiSensingCGM-AA2410BZYA-01.21.00.00.xls,2026-05-28 10:05:00+00:00,reversal_after_alert,72.0,62.43994140625,-0.27138671875,-0.27138671875,66.66666666666666,6.354620507812499,82.0,145.0
SiSensingCGM-AA2410BZYA-01.21.00.00.xls,2026-05-28 14:20:00+00:00,reversal_after_alert,108.0,66.0869140625,-1.59404296875,-1.606201171875,100.0,5.0,100.0,118.0
SiSensingCGM-AA2410BZYA-01.21.00.00.xls,2026-05-29 11:50:00+00:00,reversal_after_alert,93.0,34.79443359375,-2.38173828125,-2.38173828125,100.0,5.0,88.0,108.0
SiSensingCGM-AA2410BZYA-01.21.00.00.xls,2026-05-30 00:45:00+00:00,near_miss_70_80,81.0,64.731201171875,-0.6199055989583333,-0.6199055989583333,100.0,5.0,73.0,73.0
SiSensingCGM-AA2410BZYA-01.21.00.00.xls,2026-05-30 10:15:00+00:00,reversal_after_alert,72.0,64.81640625,-0.07936197916666667,-0.15940755208333332,91.66666666666666,5.0,79.0,127.0
SiSensingCGM-AA2410BZYA-01.21.00.00.xls,2026-05-30 11:35:00+00:00,flat_or_slow_recovery,86.0,51.7607421875,-1.3624348958333334,-1.3624348958333334,66.66666666666666,5.0,82.0,82.0
SiSensingCGM-AA2410BZYA-01.21.00.00.xls,2026-05-31 08:35:00+00:00,reversal_after_alert,90.0,70.0712890625,-0.8794921875,-0.8794921875,91.66666666666666,5.0,79.0,86.0
SiSensingCGM-AA2410BZYA-01.21.00.00.xls,2026-05-31 09:55:00+00:00,reversal_after_alert,82.0,69.8271484375,-0.3908203125,-0.3908203125,50.0,5.0,86.0,117.0
SiSensingCGM-AA2410BZYA-01.21.00.00.xls,2026-05-31 11:25:00+00:00,near_miss_70_80,84.0,46.099365234375,-1.5652180989583333,-1.5037272135416666,66.66666666666666,6.80984916992186,72.0,72.0
SiSensingCGM-AA2410BZYA-01.21.00.00.xls,2026-05-31 14:15:00+00:00,near_miss_70_80,99.0,66.125,-1.30625,-1.2843749999999998,41.66666666666667,5.0,77.0,77.0
SiSensingCGM-AA2410BZYA-01.21.00.00.xls,2026-05-31 16:15:00+00:00,reversal_after_alert,72.0,75.145263671875,0.11290690104166666,0.11290690104166666,83.33333333333334,5.0,72.0,95.0
SiSensingCGM-AA2410BZYA-01.21.00.00.xls,2026-05-31 19:20:00+00:00,near_miss_70_80,97.0,57.373046875,-1.65771484375,-1.639306640625,83.33333333333334,5.0,72.0,73.0
SiSensingCGM-AA2410BZYA-01.21.00.00.xls,2026-06-01 06:35:00+00:00,reversal_after_alert,93.0,67.516357421875,-0.9712076822916667,-0.9712076822916667,91.66666666666666,5.0,91.0,135.0
SiSensingCGM-AA2410BZYA-01.21.00.00.xls,2026-06-01 15:00:00+00:00,near_miss_70_80,86.0,51.657958984375,-1.3866373697916667,-1.3866373697916667,100.0,5.0,72.0,72.0
SiSensingCGM-AA2410BZYA-01.21.00.00.xls,2026-06-02 03:55:00+00:00,near_miss_70_80,154.0,48.6640625,-4.218619791666667,-4.131575520833334,83.33333333333334,8.973783984375,73.0,73.0
SiSensingCGM-AA2410BZYA-01.21.00.00.xls,2026-06-02 06:25:00+00:00,near_miss_70_80,82.0,69.228515625,-0.5077799479166667,-0.5000813802083334,66.66666666666666,5.0,73.0,79.0
SiSensingCGM-AA2410BZYA-01.21.00.00.xls,2026-06-02 16:15:00+00:00,reversal_after_alert,75.0,84.27685546875,0.36891276041666665,0.36891276041666665,16.666666666666664,5.0,79.0,93.0
SiSensingCGM-AA2410BZYA-01.21.00.00.xls,2026-06-04 14:45:00+00:00,near_miss_70_80,90.0,53.985595703125,-1.4159016927083334,-1.4159016927083334,83.33333333333334,5.0,73.0,75.0
SiSensingCGM-AA2506PHNA-01.21.00.00.xls,2026-05-09 09:05:00+00:00,persistent_but_no_hypo,90.0,59.68457031249999,-1.14521484375,-1.1685058593750002,100.0,5.0,88.0,88.0
SiSensingCGM-AA2506PHNA-01.21.00.00.xls,2026-05-09 09:50:00+00:00,near_miss_70_80,81.0,67.015625,-0.496875,-0.496875,91.66666666666666,5.0,77.0,77.0
SiSensingCGM-AA2506PHNA-01.21.00.00.xls,2026-05-10 11:25:00+00:00,flat_or_slow_recovery,106.0,66.625732421875,-1.6634928385416667,-1.5408203125,50.0,5.0,86.0,86.0
SiSensingCGM-AA2506PHNA-01.21.00.00.xls,2026-05-11 09:35:00+00:00,near_miss_70_80,82.0,58.448974609375,-0.9326009114583333,-0.9326009114583333,100.0,5.0,73.0,73.0
SiSensingCGM-AA2506PHNA-01.21.00.00.xls,2026-05-11 14:05:00+00:00,reversal_after_alert,81.0,20.0,-3.098046875,-3.098046875,33.33333333333333,11.047107421875,77.0,84.0
SiSensingCGM-AA2506PHNA-01.21.00.00.xls,2026-05-11 15:15:00+00:00,reversal_after_alert,81.0,70.3466796875,-0.4952473958333333,-0.4952473958333333,25.0,5.0,72.0,84.0
SiSensingCGM-AA2506PHNA-01.21.00.00.xls,2026-05-11 23:30:00+00:00,flat_or_slow_recovery,84.0,65.24609375,-1.226953125,-1.0080078125,50.0,9.0736857421875,88.0,91.0
SiSensingCGM-AA2506PHNA-01.21.00.00.xls,2026-05-12 01:15:00+00:00,reversal_after_alert,82.0,64.269775390625,-0.7236490885416667,-0.7236490885416667,66.66666666666666,5.0,79.0,86.0
SiSensingCGM-AA2506PHNA-01.21.00.00.xls,2026-05-12 01:40:00+00:00,persistent_but_no_hypo,79.0,84.3837890625,0.048258463541666664,0.030525716145833333,75.0,5.579235668945305,86.0,88.0
SiSensingCGM-AA2506PHNA-01.21.00.00.xls,2026-05-12 07:50:00+00:00,persistent_but_no_hypo,93.0,56.78271484375,-1.3257486979166666,-1.3257486979166666,83.33333333333334,5.0,81.0,81.0
SiSensingCGM-AA2506PHNA-01.21.00.00.xls,2026-05-12 08:40:00+00:00,reversal_after_alert,72.0,56.3076171875,-0.488037109375,-0.5388916015625,100.0,5.0,77.0,108.0
SiSensingCGM-AA2506PHNA-01.21.00.00.xls,2026-05-13 16:40:00+00:00,near_miss_70_80,82.0,63.5205078125,-0.7146484375,-0.7146484375,66.66666666666666,5.0,79.0,79.0
SiSensingCGM-AA2506PHNA-01.21.00.00.xls,2026-05-13 17:30:00+00:00,reversal_after_alert,75.0,68.91796875,-0.20807291666666666,-0.20807291666666666,100.0,5.0,75.0,88.0
SiSensingCGM-AA2506PHNA-01.21.00.00.xls,2026-05-14 06:35:00+00:00,near_miss_70_80,73.0,56.1328125,-0.500390625,-0.5646484375,100.0,5.0,72.0,73.0
SiSensingCGM-AA2506PHNA-01.21.00.00.xls,2026-05-14 14:10:00+00:00,reversal_after_alert,99.0,67.65478515625,-1.1867513020833333,-1.1867513020833333,91.66666666666666,5.0,102.0,111.0
SiSensingCGM-AA2506PHNA-01.21.00.00.xls,2026-05-15 08:20:00+00:00,persistent_but_no_hypo,99.0,69.468017578125,-1.0652506510416666,-1.0652506510416666,100.0,5.0,81.0,81.0
SiSensingCGM-AA2506PHNA-01.21.00.00.xls,2026-05-16 08:10:00+00:00,flat_or_slow_recovery,138.0,24.1005859375,-4.3861328125,-4.3861328125,50.0,8.587207617187499,99.0,99.0
SiSensingCGM-AA2506PHNA-01.21.00.00.xls,2026-05-16 08:30:00+00:00,persistent_but_no_hypo,108.0,59.3994140625,-1.9422526041666666,-1.9444661458333332,83.33333333333334,5.0,90.0,90.0
SiSensingCGM-AA2506PHNA-01.21.00.00.xls,2026-05-16 11:35:00+00:00,near_miss_70_80,102.0,36.3896484375,-2.4783203125,-2.4783203125,91.66666666666666,11.7985423828125,79.0,79.0
SiSensingCGM-AA2506PHNA-01.21.00.00.xls,2026-05-16 20:40:00+00:00,near_miss_70_80,102.0,48.0439453125,-2.148291015625,-2.1234130859375,100.0,5.0,73.0,73.0
SiSensingCGM-AA2506PHNA-01.21.00.00.xls,2026-05-17 16:45:00+00:00,reversal_after_alert,126.0,53.517822265625,-2.653206380208333,-2.653206380208333,66.66666666666666,5.631056689453125,109.0,118.0
SiSensingCGM-AA2506PHNA-01.21.00.00.xls,2026-05-18 09:00:00+00:00,reversal_after_alert,115.0,52.732177734375,-2.430126953125,-2.430126953125,91.66666666666666,5.0,100.0,109.0
SiSensingCGM-AA2506PHNA-01.21.00.00.xls,2026-05-18 10:45:00+00:00,flat_or_slow_recovery,106.0,55.714111328125,-1.8410319010416667,-1.8410319010416667,58.333333333333336,8.021338964843736,81.0,81.0
SiSensingCGM-AA2506PHNA-01.21.00.00.xls,2026-05-19 23:35:00+00:00,near_miss_70_80,77.0,57.08984375,-0.81015625,-0.79296875,91.66666666666666,5.0,72.0,75.0
SiSensingCGM-AA2506PHNA-01.21.00.00.xls,2026-05-20 02:20:00+00:00,reversal_after_alert,72.0,79.09228515625,0.23408203125,0.23408203125,50.0,5.0,72.0,73.0
SiSensingCGM-AA2506PHNA-01.21.00.00.xls,2026-05-22 08:55:00+00:00,persistent_but_no_hypo,124.0,55.892578125,-2.608984375,-2.608984375,75.0,8.962201171875,106.0,106.0
SiSensingCGM-AA2503U01K-01.21.00.00.xls,2026-02-23 20:45:00+00:00,reversal_after_alert,124.0,20.0,-4.570475260416667,-4.570475260416667,100.0,22.627265527343777,122.0,196.0
SiSensingCGM-AA2503U01K-01.21.00.00.xls,2026-02-23 22:10:00+00:00,reversal_after_alert,118.0,49.783203125,-2.52509765625,-2.516162109375,91.66666666666666,9.996329150390624,126.0,153.0
SiSensingCGM-AA2503U01K-01.21.00.00.xls,2026-02-24 00:20:00+00:00,reversal_after_alert,90.0,70.58203125,-1.5218098958333333,-1.1845377604166667,66.66666666666666,5.0,84.0,108.0
SiSensingCGM-AA2503U01K-01.21.00.00.xls,2026-02-24 01:30:00+00:00,reversal_after_alert,82.0,73.2041015625,-0.6365071614583333,-0.5481852213541667,33.33333333333333,5.16219409179686,81.0,100.0
SiSensingCGM-AA2503U01K-01.21.00.00.xls,2026-02-24 02:15:00+00:00,reversal_after_alert,84.0,72.426513671875,-0.5641764322916667,-0.5641764322916667,58.333333333333336,5.0,82.0,90.0
SiSensingCGM-AA2503U01K-01.21.00.00.xls,2026-02-24 17:10:00+00:00,reversal_after_alert,81.0,20.0,-2.5112955729166666,-2.5112955729166666,66.66666666666666,15.985970410156234,104.0,140.0
SiSensingCGM-AA2503U01K-01.21.00.00.xls,2026-02-24 22:40:00+00:00,reversal_after_alert,108.0,48.62109375,-2.234114583333333,-2.234114583333333,50.0,12.113691406250007,99.0,133.0
SiSensingCGM-AA2503U01K-01.21.00.00.xls,2026-02-25 00:20:00+00:00,reversal_after_alert,86.0,62.18310546875,-1.0498372395833333,-1.0498372395833333,83.33333333333334,6.299843457031236,90.0,97.0
SiSensingCGM-AA2503U01K-01.21.00.00.xls,2026-02-25 01:45:00+00:00,reversal_after_alert,75.0,58.46142578125,-0.62958984375,-0.62958984375,75.0,5.0,73.0,84.0
SiSensingCGM-AA2503U01K-01.21.00.00.xls,2026-02-25 02:45:00+00:00,reversal_after_alert,72.0,62.732421875,-0.53818359375,-0.456884765625,41.66666666666667,5.0,72.0,95.0
SiSensingCGM-AA2503U01K-01.21.00.00.xls,2026-02-25 12:10:00+00:00,reversal_after_alert,86.0,20.0,-4.538688151041667,-4.538688151041667,66.66666666666666,15.973181054687513,73.0,91.0
SiSensingCGM-AA2503U01K-01.21.00.00.xls,2026-02-25 15:40:00+00:00,reversal_after_alert,91.0,47.42578125,-1.6565104166666667,-1.6565104166666667,66.66666666666666,6.349311718749972,99.0,117.0
SiSensingCGM-AA2503U01K-01.21.00.00.xls,2026-02-26 00:05:00+00:00,reversal_after_alert,84.0,64.8154296875,-1.407177734375,-1.1066650390625,100.0,5.0,86.0,86.0
SiSensingCGM-AA2503U01K-01.21.00.00.xls,2026-02-26 09:05:00+00:00,near_miss_70_80,90.0,59.50927734374999,-1.28193359375,-1.2507812500000002,91.66666666666666,5.0,77.0,79.0
SiSensingCGM-AA2503U01K-01.21.00.00.xls,2026-02-26 09:25:00+00:00,reversal_after_alert,81.0,66.98095703125,-0.60068359375,-0.60068359375,91.66666666666666,5.0,77.0,135.0
